Problem,Algorithm,n_evals,time,IGD
DTLZ1,NSGA2,91,0.0,59.45040228539608
DTLZ1,NSGA2,182,0.008343200000000106,59.45040228539608
DTLZ1,NSGA2,273,0.016384100000000013,59.45040228539608
DTLZ1,NSGA2,364,0.024364800000000075,59.45040228539608
DTLZ1,NSGA2,455,0.03195920000000019,57.462603862356616
DTLZ1,NSGA2,546,0.03971540000000018,57.462603862356616
DTLZ1,NSGA2,637,0.047889700000000035,57.462603862356616
DTLZ1,NSGA2,728,0.05568510000000004,57.462603862356616
DTLZ1,NSGA2,819,0.06414880000000012,54.846263525670956
DTLZ1,NSGA2,910,0.07198230000000017,54.60254805148079
DTLZ1,NSGA2,1001,0.07944260000000014,54.60254805148079
DTLZ1,NSGA2,1092,0.08870840000000002,46.25455953146046
DTLZ1,NSGA2,1183,0.09525930000000016,46.25455953146046
DTLZ1,NSGA2,1274,0.10278880000000012,46.25455953146046
DTLZ1,NSGA2,1365,0.11033280000000012,46.25455953146046
DTLZ1,NSGA2,1456,0.11823580000000011,46.25455953146046
DTLZ1,NSGA2,1547,0.1258659000000002,46.25455953146046
DTLZ1,NSGA2,1638,0.1326254,46.25455953146046
DTLZ1,NSGA2,1729,0.1404531,46.25455953146046
DTLZ1,NSGA2,1820,0.1472036000000001,46.25455953146046
DTLZ1,NSGA2,1911,0.15488530000000011,46.25455953146046
DTLZ1,NSGA2,2002,0.16259210000000013,46.25455953146046
DTLZ1,NSGA2,2093,0.1705055000000002,46.25455953146046
DTLZ1,NSGA2,2184,0.1783401,44.00941551266254
DTLZ1,NSGA2,2275,0.1860927000000001,44.00941551266254
DTLZ1,NSGA2,2366,0.19411540000000005,28.326723098069095
DTLZ1,NSGA2,2457,0.2008622,28.326723098069095
DTLZ1,NSGA2,2548,0.20857290000000006,28.326723098069095
DTLZ1,NSGA2,2639,0.21546130000000008,28.326723098069095
DTLZ1,NSGA2,2730,0.2233151,28.326723098069095
DTLZ1,NSGA2,2821,0.23101830000000012,28.326723098069095
DTLZ1,NSGA2,2912,0.2388903,28.326723098069095
DTLZ1,NSGA2,3003,0.24577110000000002,28.326723098069095
DTLZ1,NSGA2,3094,0.2535465000000001,28.326723098069095
DTLZ1,NSGA2,3185,0.26121150000000015,28.326723098069095
DTLZ1,NSGA2,3276,0.26914490000000013,28.326723098069095
DTLZ1,NSGA2,3367,0.2770764000000001,28.326723098069095
DTLZ1,NSGA2,3458,0.28491310000000003,27.147147972266552
DTLZ1,NSGA2,3549,0.2927190000000002,27.147147972266552
DTLZ1,NSGA2,3640,0.30117510000000003,25.06011965621795
DTLZ1,NSGA2,3731,0.30799,25.06011965621795
DTLZ1,NSGA2,3822,0.31570540000000014,25.06011965621795
DTLZ1,NSGA2,3913,0.3234758,25.06011965621795
DTLZ1,NSGA2,4004,0.33101080000000005,25.06011965621795
DTLZ1,NSGA2,4095,0.33927930000000006,25.06011965621795
DTLZ1,NSGA2,4186,0.34682750000000007,17.81236172077344
DTLZ1,NSGA2,4277,0.3546085000000001,17.81236172077344
DTLZ1,NSGA2,4368,0.3623187000000001,17.81236172077344
DTLZ1,NSGA2,4459,0.36908770000000013,17.81236172077344
DTLZ1,NSGA2,4550,0.3767071000000002,17.81236172077344
DTLZ1,NSGA2,4641,0.38456860000000015,17.81236172077344
DTLZ1,NSGA2,4732,0.39248760000000016,17.81236172077344
DTLZ1,NSGA2,4823,0.4003000000000001,17.81236172077344
DTLZ1,NSGA2,4914,0.4080982000000002,17.81236172077344
DTLZ1,NSGA2,5005,0.4158955000000002,17.81236172077344
DTLZ1,NSGA2,5096,0.4225614000000002,17.81236172077344
DTLZ1,NSGA2,5187,0.4292767000000002,17.81236172077344
DTLZ1,NSGA2,5278,0.43763030000000014,15.307110405701833
DTLZ1,NSGA2,5369,0.4453621000000001,15.307110405701833
DTLZ1,NSGA2,5460,0.45309900000000014,9.155829078027367
DTLZ1,NSGA2,5551,0.46106310000000006,9.155829078027367
DTLZ1,NSGA2,5642,0.4697135000000001,9.155829078027367
DTLZ1,NSGA2,5733,0.47736330000000016,8.834695684726354
DTLZ1,NSGA2,5824,0.4852439000000002,8.834695684726354
DTLZ1,NSGA2,5915,0.49311170000000004,8.834695684726354
DTLZ1,NSGA2,6006,0.5008614,8.834695684726354
DTLZ1,NSGA2,6097,0.5085776000000002,8.834695684726354
DTLZ1,NSGA2,6188,0.5161626000000001,8.834695684726354
DTLZ1,NSGA2,6279,0.5237499000000001,8.834695684726354
DTLZ1,NSGA2,6370,0.5315928000000001,8.834695684726354
DTLZ1,NSGA2,6461,0.5393413,8.834695684726354
DTLZ1,NSGA2,6552,0.5467839000000001,7.369267528800395
DTLZ1,NSGA2,6643,0.5548025000000001,7.369267528800395
DTLZ1,NSGA2,6734,0.5614422000000001,6.77315085894181
DTLZ1,NSGA2,6825,0.5691785,6.77315085894181
DTLZ1,NSGA2,6916,0.5773393,6.77315085894181
DTLZ1,NSGA2,7007,0.5853283000000002,6.77315085894181
DTLZ1,NSGA2,7098,0.5932364999999999,6.77315085894181
DTLZ1,NSGA2,7189,0.6010573000000001,6.77315085894181
DTLZ1,NSGA2,7280,0.6091767000000001,6.77315085894181
DTLZ1,NSGA2,7371,0.6170334000000002,6.77315085894181
DTLZ1,NSGA2,7462,0.6247195000000001,6.77315085894181
DTLZ1,NSGA2,7553,0.6323901999999999,6.77315085894181
DTLZ1,NSGA2,7644,0.6402094,6.77315085894181
DTLZ1,NSGA2,7735,0.6469547,6.77315085894181
DTLZ1,NSGA2,7826,0.6548567999999999,6.77315085894181
DTLZ1,NSGA2,7917,0.6626608999999999,6.77315085894181
DTLZ1,NSGA2,8008,0.6704838000000002,6.77315085894181
DTLZ1,NSGA2,8099,0.6783889000000001,6.77315085894181
DTLZ1,NSGA2,8190,0.6859887,6.77315085894181
DTLZ1,NSGA2,8281,0.6939012000000002,6.77315085894181
DTLZ1,NSGA2,8372,0.7016378000000001,6.77315085894181
DTLZ1,NSGA2,8463,0.7083972999999999,6.6543133920117175
DTLZ1,NSGA2,8554,0.7152061000000003,6.6543133920117175
DTLZ1,NSGA2,8645,0.7230747,6.6543133920117175
DTLZ1,NSGA2,8736,0.7312996,6.6543133920117175
DTLZ1,NSGA2,8827,0.7394949000000002,6.6543133920117175
DTLZ1,NSGA2,8918,0.7475031999999999,6.6543133920117175
DTLZ1,NSGA2,9009,0.7556572000000001,6.4483366077495745
DTLZ1,NSGA2,9100,0.7632216000000003,6.4483366077495745
DTLZ1,NSGA3,91,0.0,59.45040228539608
DTLZ1,NSGA3,182,0.009155699999999989,59.45040228539608
DTLZ1,NSGA3,273,0.01804970000000017,59.45040228539608
DTLZ1,NSGA3,364,0.028485700000000058,59.45040228539608
DTLZ1,NSGA3,455,0.03688089999999988,59.45040228539608
DTLZ1,NSGA3,546,0.0458892999999998,55.26400736013702
DTLZ1,NSGA3,637,0.05423510000000009,51.02981578370262
DTLZ1,NSGA3,728,0.06346110000000005,54.64386470386404
DTLZ1,NSGA3,819,0.07211310000000015,54.64386470386404
DTLZ1,NSGA3,910,0.08057779999999992,50.67859676216651
DTLZ1,NSGA3,1001,0.08899800000000013,46.95700611951625
DTLZ1,NSGA3,1092,0.09735089999999991,37.70153966029884
DTLZ1,NSGA3,1183,0.10575869999999998,37.70153966029884
DTLZ1,NSGA3,1274,0.11404609999999993,37.21197178006937
DTLZ1,NSGA3,1365,0.12264259999999982,27.753372569599637
DTLZ1,NSGA3,1456,0.13094280000000014,27.753372569599637
DTLZ1,NSGA3,1547,0.14035520000000012,27.753372569599637
DTLZ1,NSGA3,1638,0.1488372,27.753372569599637
DTLZ1,NSGA3,1729,0.1573243999999998,26.193187123903925
DTLZ1,NSGA3,1820,0.16578399999999993,26.193187123903925
DTLZ1,NSGA3,1911,0.17422549999999992,26.193187123903925
DTLZ1,NSGA3,2002,0.1828243999999999,13.067281982136704
DTLZ1,NSGA3,2093,0.19120170000000014,13.067281982136704
DTLZ1,NSGA3,2184,0.19968170000000018,13.067281982136704
DTLZ1,NSGA3,2275,0.20807140000000013,13.067281982136704
DTLZ1,NSGA3,2366,0.21655360000000012,9.141758664373029
DTLZ1,NSGA3,2457,0.22497239999999996,9.141758664373029
DTLZ1,NSGA3,2548,0.2333962999999999,9.141758664373029
DTLZ1,NSGA3,2639,0.24181419999999987,9.141758664373029
DTLZ1,NSGA3,2730,0.25019899999999984,9.141758664373029
DTLZ1,NSGA3,2821,0.25855320000000015,9.141758664373029
DTLZ1,NSGA3,2912,0.2670290999999998,9.141758664373029
DTLZ1,NSGA3,3003,0.2755092000000001,9.141758664373029
DTLZ1,NSGA3,3094,0.2840747000000001,9.141758664373029
DTLZ1,NSGA3,3185,0.2923235000000002,9.141758664373029
DTLZ1,NSGA3,3276,0.30079030000000007,9.141758664373029
DTLZ1,NSGA3,3367,0.3089411000000002,9.140421377482006
DTLZ1,NSGA3,3458,0.31728060000000013,9.680199525626298
DTLZ1,NSGA3,3549,0.3265047000000001,8.452465191215394
DTLZ1,NSGA3,3640,0.3357483000000001,8.452465191215394
DTLZ1,NSGA3,3731,0.34400770000000014,8.452465191215394
DTLZ1,NSGA3,3822,0.3521768999999999,8.037129799526294
DTLZ1,NSGA3,3913,0.3604668000000002,8.037129799526294
DTLZ1,NSGA3,4004,0.36871870000000007,8.037129799526294
DTLZ1,NSGA3,4095,0.3773238000000001,8.037129799526294
DTLZ1,NSGA3,4186,0.38552490000000006,8.037129799526294
DTLZ1,NSGA3,4277,0.3938997999999998,7.399117378003965
DTLZ1,NSGA3,4368,0.40197130000000003,7.399117378003965
DTLZ1,NSGA3,4459,0.4107289999999999,7.3981632531441734
DTLZ1,NSGA3,4550,0.4194121000000002,6.971622610199734
DTLZ1,NSGA3,4641,0.4278095999999998,6.971622610199734
DTLZ1,NSGA3,4732,0.4360105000000001,6.02903817746002
DTLZ1,NSGA3,4823,0.4444572,6.02903817746002
DTLZ1,NSGA3,4914,0.45296290000000017,6.53826561379961
DTLZ1,NSGA3,5005,0.4615421999999998,6.53826561379961
DTLZ1,NSGA3,5096,0.46999009999999997,6.53826561379961
DTLZ1,NSGA3,5187,0.4784112999999999,7.024893977237787
DTLZ1,NSGA3,5278,0.4867292999999999,6.863692094461335
DTLZ1,NSGA3,5369,0.4950242,6.671379662024152
DTLZ1,NSGA3,5460,0.5032287000000002,6.5151582108837625
DTLZ1,NSGA3,5551,0.5125715999999998,5.854328658220303
DTLZ1,NSGA3,5642,0.5217765000000001,3.805149237859421
DTLZ1,NSGA3,5733,0.5299876000000001,3.805149237859421
DTLZ1,NSGA3,5824,0.5384907000000001,3.7169861764612033
DTLZ1,NSGA3,5915,0.5467259000000002,3.805149237859421
DTLZ1,NSGA3,6006,0.5559842000000002,3.7169861764612033
DTLZ1,NSGA3,6097,0.5652735999999998,3.7169861764612033
DTLZ1,NSGA3,6188,0.5736322,3.7169861764612033
DTLZ1,NSGA3,6279,0.5820066000000002,3.7169861764612033
DTLZ1,NSGA3,6370,0.5902242000000002,3.541916636010596
DTLZ1,NSGA3,6461,0.5995289000000001,3.541916636010596
DTLZ1,NSGA3,6552,0.6077639000000001,3.0939185068253647
DTLZ1,NSGA3,6643,0.6160939000000001,3.0939185068253647
DTLZ1,NSGA3,6734,0.6244448999999999,3.0942180178490637
DTLZ1,NSGA3,6825,0.6327729,3.087422724991706
DTLZ1,NSGA3,6916,0.6409777000000001,2.8994585912602084
DTLZ1,NSGA3,7007,0.6492581,2.825711893494454
DTLZ1,NSGA3,7098,0.6577486000000001,3.0075643410751773
DTLZ1,NSGA3,7189,0.6668845000000001,2.9386780838749433
DTLZ1,NSGA3,7280,0.6751941000000001,2.885040674395656
DTLZ1,NSGA3,7371,0.6835369,3.76401302600261
DTLZ1,NSGA3,7462,0.6920814000000002,3.76401302600261
DTLZ1,NSGA3,7553,0.7002891,3.449213842576517
DTLZ1,NSGA3,7644,0.7089308999999999,1.9902074675569172
DTLZ1,NSGA3,7735,0.7173710999999998,1.9897828889763878
DTLZ1,NSGA3,7826,0.7257004,2.564059294194088
DTLZ1,NSGA3,7917,0.7340285,1.796345572021259
DTLZ1,NSGA3,8008,0.74234,1.7758691621125768
DTLZ1,NSGA3,8099,0.7506333999999999,1.7875810227550442
DTLZ1,NSGA3,8190,0.7587841000000002,1.9344072241893628
DTLZ1,NSGA3,8281,0.7677917999999999,1.5126532947497218
DTLZ1,NSGA3,8372,0.7766389999999999,1.506771197716397
DTLZ1,NSGA3,8463,0.7855598000000001,1.5005030706964717
DTLZ1,NSGA3,8554,0.7943731999999999,1.500119374951321
DTLZ1,NSGA3,8645,0.8033549,1.387455299449701
DTLZ1,NSGA3,8736,0.8121708000000001,1.3740199401777995
DTLZ1,NSGA3,8827,0.8210926000000001,1.3700757963349213
DTLZ1,NSGA3,8918,0.8299910000000001,1.3699491947197682
DTLZ1,NSGA3,9009,0.8388806,1.2554245157571882
DTLZ1,NSGA3,9100,0.8477633,1.2552265331610228
DTLZ1,MOEAD,91,0.0,59.45040228539608
DTLZ1,MOEAD,182,0.08315129999999993,53.44862438203727
DTLZ1,MOEAD,273,0.16113709999999992,50.64776570118667
DTLZ1,MOEAD,364,0.23948180000000008,38.34724961963169
DTLZ1,MOEAD,455,0.31738120000000025,16.138713793178564
DTLZ1,MOEAD,546,0.3957123,12.871920760551417
DTLZ1,MOEAD,637,0.4735244999999999,11.113698250467543
DTLZ1,MOEAD,728,0.5509716,8.51488385542448
DTLZ1,MOEAD,819,0.6292170000000001,8.51488385542448
DTLZ1,MOEAD,910,0.7074069999999999,8.692243841610717
DTLZ1,MOEAD,1001,0.8231774999999999,7.967023020929179
DTLZ1,MOEAD,1092,0.9018245,7.928989056693141
DTLZ1,MOEAD,1183,0.9811312000000001,7.391206540810277
DTLZ1,MOEAD,1274,1.0600867000000003,7.224813767818708
DTLZ1,MOEAD,1365,1.1390384999999998,6.7928734576693595
DTLZ1,MOEAD,1456,1.2224690000000002,6.7928734576693595
DTLZ1,MOEAD,1547,1.3102396,6.7928734576693595
DTLZ1,MOEAD,1638,1.3900870999999997,6.713236503041004
DTLZ1,MOEAD,1729,1.4740377999999996,6.4240730081905895
DTLZ1,MOEAD,1820,1.5546930999999997,6.4240730081905895
DTLZ1,MOEAD,1911,1.6325371999999998,6.274852302660404
DTLZ1,MOEAD,2002,1.7103053,6.274852302660404
DTLZ1,MOEAD,2093,1.7931410000000003,5.981931403320753
DTLZ1,MOEAD,2184,1.8748506999999996,5.962875991438011
DTLZ1,MOEAD,2275,1.9541193000000003,5.962875991438011
DTLZ1,MOEAD,2366,2.0322753000000002,5.962604993150804
DTLZ1,MOEAD,2457,2.1101804,5.589817743684612
DTLZ1,MOEAD,2548,2.1879326,5.589817743684612
DTLZ1,MOEAD,2639,2.265714,5.5667433082963775
DTLZ1,MOEAD,2730,2.3446134,5.41032513701746
DTLZ1,MOEAD,2821,2.4233320999999997,5.40552349467172
DTLZ1,MOEAD,2912,2.5019905,5.405523383625466
DTLZ1,MOEAD,3003,2.582287,5.405523383625466
DTLZ1,MOEAD,3094,2.6675315,5.405520764147063
DTLZ1,MOEAD,3185,2.7471585999999997,5.403947545641731
DTLZ1,MOEAD,3276,2.8268735000000005,5.403947545641731
DTLZ1,MOEAD,3367,2.9076974,5.403947545641731
DTLZ1,MOEAD,3458,2.9885884000000003,5.403947545641731
DTLZ1,MOEAD,3549,3.0698421,5.403212143155479
DTLZ1,MOEAD,3640,3.150893,5.40318279345625
DTLZ1,MOEAD,3731,3.2299954,5.40318279345625
DTLZ1,MOEAD,3822,3.3086111000000002,5.398510290421837
DTLZ1,MOEAD,3913,3.3865761,5.398086562265569
DTLZ1,MOEAD,4004,3.4689613,5.390024562893658
DTLZ1,MOEAD,4095,3.5576513,5.342408103835854
DTLZ1,MOEAD,4186,3.6702993,5.342279548524225
DTLZ1,MOEAD,4277,3.7667193,4.714990906980362
DTLZ1,MOEAD,4368,3.8503803999999997,4.696899230622377
DTLZ1,MOEAD,4459,3.9333117,4.542551016015974
DTLZ1,MOEAD,4550,4.0147773,4.542551016015974
DTLZ1,MOEAD,4641,4.0960556,4.542551016015974
DTLZ1,MOEAD,4732,4.1787657000000005,3.960317722194072
DTLZ1,MOEAD,4823,4.2620637,3.960317722194072
DTLZ1,MOEAD,4914,4.3433265,3.6335640701429743
DTLZ1,MOEAD,5005,4.4238461000000004,3.6232559848377184
DTLZ1,MOEAD,5096,4.5042214000000005,3.6229775171234158
DTLZ1,MOEAD,5187,4.5859859,3.621439956717231
DTLZ1,MOEAD,5278,4.6638611,3.621439956717231
DTLZ1,MOEAD,5369,4.7417343,3.5752055261106017
DTLZ1,MOEAD,5460,4.8195235,3.5752055261106017
DTLZ1,MOEAD,5551,4.8976755,3.5752055261106017
DTLZ1,MOEAD,5642,4.9760102,3.5752055261106017
DTLZ1,MOEAD,5733,5.0557539,3.5752055261106017
DTLZ1,MOEAD,5824,5.1344781,3.5752055261106017
DTLZ1,MOEAD,5915,5.212360899999999,3.5752055261106017
DTLZ1,MOEAD,6006,5.2906659,3.5752055261106017
DTLZ1,MOEAD,6097,5.368653299999999,3.5752055261106017
DTLZ1,MOEAD,6188,5.4477986,3.574838974627619
DTLZ1,MOEAD,6279,5.5256017,3.574838974627619
DTLZ1,MOEAD,6370,5.6054088,3.0943410794110777
DTLZ1,MOEAD,6461,5.6840112,3.084848542090123
DTLZ1,MOEAD,6552,5.7632161,3.0813677804334008
DTLZ1,MOEAD,6643,5.8446864,3.0778565661242143
DTLZ1,MOEAD,6734,5.9229511,3.077842199766248
DTLZ1,MOEAD,6825,6.0013762999999996,3.08803288191621
DTLZ1,MOEAD,6916,6.0798049,3.08803288191621
DTLZ1,MOEAD,7007,6.1608647,3.078593531598566
DTLZ1,MOEAD,7098,6.2423481,2.9915532624121357
DTLZ1,MOEAD,7189,6.3237909,2.9913497149978734
DTLZ1,MOEAD,7280,6.4036862,2.9913497149978734
DTLZ1,MOEAD,7371,6.4822236,2.9625869849201525
DTLZ1,MOEAD,7462,6.560549300000001,2.734225299346931
DTLZ1,MOEAD,7553,6.6385748,1.6281852523791425
DTLZ1,MOEAD,7644,6.7165522,1.545583896395689
DTLZ1,MOEAD,7735,6.794868800000001,1.5450567336075072
DTLZ1,MOEAD,7826,6.8730041,1.466945877411025
DTLZ1,MOEAD,7917,6.9513302,1.4236955921642274
DTLZ1,MOEAD,8008,7.0409686,1.3677682217266938
DTLZ1,MOEAD,8099,7.1375748,1.2883398232959677
DTLZ1,MOEAD,8190,7.244667799999999,1.2487548937586883
DTLZ1,MOEAD,8281,7.3678436,1.2244042847036138
DTLZ1,MOEAD,8372,7.540432,1.2115007161933982
DTLZ1,MOEAD,8463,7.635044,1.2109679188740168
DTLZ1,MOEAD,8554,7.7219261999999995,1.200126941452939
DTLZ1,MOEAD,8645,7.8123484,1.1966767420443072
DTLZ1,MOEAD,8736,7.896556599999999,1.1979919496775362
DTLZ1,MOEAD,8827,7.9799902000000005,1.1971444716152935
DTLZ1,MOEAD,8918,8.0685918,1.196080336424917
DTLZ1,MOEAD,9009,8.154574499999999,1.196282832388028
DTLZ1,MOEAD,9100,8.2396219,1.198081862359749
DTLZ2,NSGA2,91,0.0,0.4095432304698121
DTLZ2,NSGA2,182,0.008773500000000212,0.3864401056482129
DTLZ2,NSGA2,273,0.017279100000001435,0.35871865732853925
DTLZ2,NSGA2,364,0.026317300000000543,0.3047809667011048
DTLZ2,NSGA2,455,0.03429390000000154,0.2546575860941789
DTLZ2,NSGA2,546,0.04325850000000031,0.23832452158583764
DTLZ2,NSGA2,637,0.051413300000000106,0.2231243191016287
DTLZ2,NSGA2,728,0.060123000000000815,0.2065335620866409
DTLZ2,NSGA2,819,0.06814660000000039,0.19093013163363876
DTLZ2,NSGA2,910,0.07670170000000098,0.1666541181063538
DTLZ2,NSGA2,1001,0.08449180000000034,0.15612928976574864
DTLZ2,NSGA2,1092,0.0931317000000007,0.1497791051224746
DTLZ2,NSGA2,1183,0.10110380000000063,0.14961607237989114
DTLZ2,NSGA2,1274,0.10968650000000046,0.1402002796110654
DTLZ2,NSGA2,1365,0.1175689000000002,0.128062891019656
DTLZ2,NSGA2,1456,0.12631830000000122,0.12552447138017886
DTLZ2,NSGA2,1547,0.13602160000000119,0.11710911099535408
DTLZ2,NSGA2,1638,0.1445723000000001,0.11907648189931473
DTLZ2,NSGA2,1729,0.15244700000000044,0.11362127398401933
DTLZ2,NSGA2,1820,0.16107260000000068,0.110988131552868
DTLZ2,NSGA2,1911,0.16791970000000056,0.10514826522365359
DTLZ2,NSGA2,2002,0.1766487000000012,0.09815156897693089
DTLZ2,NSGA2,2093,0.1845699000000014,0.0940097273550886
DTLZ2,NSGA2,2184,0.19208270000000027,0.09126669204320875
DTLZ2,NSGA2,2275,0.19996720000000145,0.09703197006225135
DTLZ2,NSGA2,2366,0.20871520000000032,0.09649248717467566
DTLZ2,NSGA2,2457,0.2166193000000014,0.09638865120207442
DTLZ2,NSGA2,2548,0.22588220000000092,0.09375267473564013
DTLZ2,NSGA2,2639,0.2327975000000002,0.08809454364130968
DTLZ2,NSGA2,2730,0.2409611000000016,0.08829507342900887
DTLZ2,NSGA2,2821,0.2493811000000008,0.08942040256060207
DTLZ2,NSGA2,2912,0.25786270000000044,0.08585682011590368
DTLZ2,NSGA2,3003,0.2657600000000002,0.08522200408700462
DTLZ2,NSGA2,3094,0.2742696000000002,0.08372300458240454
DTLZ2,NSGA2,3185,0.28216710000000056,0.08427619724040018
DTLZ2,NSGA2,3276,0.29058450000000136,0.08285162299142312
DTLZ2,NSGA2,3367,0.2985527000000001,0.08158053451184878
DTLZ2,NSGA2,3458,0.3069006000000005,0.08409348227175413
DTLZ2,NSGA2,3549,0.3148321000000003,0.08249153357844796
DTLZ2,NSGA2,3640,0.32257210000000036,0.08430650844066168
DTLZ2,NSGA2,3731,0.3370601000000004,0.0829763820022261
DTLZ2,NSGA2,3822,0.34748900000000127,0.08257865949571996
DTLZ2,NSGA2,3913,0.3604299000000015,0.08060395688098111
DTLZ2,NSGA2,4004,0.37576130000000063,0.08213187528348664
DTLZ2,NSGA2,4095,0.38679590000000097,0.0817516964831865
DTLZ2,NSGA2,4186,0.39646870000000156,0.08117951780002347
DTLZ2,NSGA2,4277,0.4049719000000014,0.08200816302549932
DTLZ2,NSGA2,4368,0.41295910000000013,0.07878467578495543
DTLZ2,NSGA2,4459,0.4208943999999999,0.07790660177519969
DTLZ2,NSGA2,4550,0.4300405999999999,0.0773813724771819
DTLZ2,NSGA2,4641,0.4377783000000015,0.07710271137347047
DTLZ2,NSGA2,4732,0.4473927,0.0797102342724386
DTLZ2,NSGA2,4823,0.45432750000000155,0.08138988689520167
DTLZ2,NSGA2,4914,0.4625004000000015,0.0782463934055064
DTLZ2,NSGA2,5005,0.4701822,0.07840916961012713
DTLZ2,NSGA2,5096,0.4772639000000005,0.07463064138556463
DTLZ2,NSGA2,5187,0.48536600000000085,0.07480826541998763
DTLZ2,NSGA2,5278,0.4936518000000003,0.07675637416065774
DTLZ2,NSGA2,5369,0.5007177000000009,0.0763340131994896
DTLZ2,NSGA2,5460,0.5088950000000008,0.07823025283661245
DTLZ2,NSGA2,5551,0.5169078000000003,0.07861423232639346
DTLZ2,NSGA2,5642,0.5253273000000007,0.07800083095536389
DTLZ2,NSGA2,5733,0.5341127000000014,0.07417165942414712
DTLZ2,NSGA2,5824,0.5427361000000008,0.07473431288531472
DTLZ2,NSGA2,5915,0.5500037000000013,0.07776495453561696
DTLZ2,NSGA2,6006,0.5573778000000011,0.07903148966178458
DTLZ2,NSGA2,6097,0.566324400000001,0.08068708917598488
DTLZ2,NSGA2,6188,0.5743508000000013,0.0790831664504603
DTLZ2,NSGA2,6279,0.582445100000001,0.07887573009509068
DTLZ2,NSGA2,6370,0.5902456000000011,0.08035113276754548
DTLZ2,NSGA2,6461,0.5971627000000002,0.07712215785073293
DTLZ2,NSGA2,6552,0.6051943000000009,0.0731134902976615
DTLZ2,NSGA2,6643,0.6131343999999999,0.07558174492025614
DTLZ2,NSGA2,6734,0.6210653000000015,0.07647712866747668
DTLZ2,NSGA2,6825,0.629028400000001,0.07410955836199376
DTLZ2,NSGA2,6916,0.6398061000000013,0.07535714598241688
DTLZ2,NSGA2,7007,0.6479111,0.072091597188827
DTLZ2,NSGA2,7098,0.6559774000000012,0.07441990773604223
DTLZ2,NSGA2,7189,0.6629047000000003,0.07251400764140557
DTLZ2,NSGA2,7280,0.6708852000000007,0.07445997023315196
DTLZ2,NSGA2,7371,0.6798922000000012,0.0728542343726904
DTLZ2,NSGA2,7462,0.686913800000001,0.07631136794852225
DTLZ2,NSGA2,7553,0.6946251000000014,0.07478757118592505
DTLZ2,NSGA2,7644,0.7030419000000006,0.07270658121849345
DTLZ2,NSGA2,7735,0.7100237000000007,0.07367889740768248
DTLZ2,NSGA2,7826,0.7170793,0.07350467511627831
DTLZ2,NSGA2,7917,0.7251532000000012,0.07583658446838727
DTLZ2,NSGA2,8008,0.7340119999999999,0.07920406718968012
DTLZ2,NSGA2,8099,0.7421705000000003,0.07885738219027191
DTLZ2,NSGA2,8190,0.7501513000000006,0.07624281551209726
DTLZ2,NSGA2,8281,0.7583783000000004,0.07482480863470699
DTLZ2,NSGA2,8372,0.76647,0.07218841855712077
DTLZ2,NSGA2,8463,0.7745539000000008,0.07448753397403596
DTLZ2,NSGA2,8554,0.7815723000000006,0.06975529927195732
DTLZ2,NSGA2,8645,0.788529800000001,0.07761968200529698
DTLZ2,NSGA2,8736,0.7966798000000015,0.07534288844906933
DTLZ2,NSGA2,8827,0.804737900000001,0.07432389450341229
DTLZ2,NSGA2,8918,0.8127483000000009,0.07473313743769151
DTLZ2,NSGA2,9009,0.8206811000000016,0.07488360863290777
DTLZ2,NSGA2,9100,0.8276843000000014,0.07823684562068653
DTLZ2,NSGA3,91,0.0,0.47330464173426195
DTLZ2,NSGA3,182,0.00983760000000089,0.4169525789220441
DTLZ2,NSGA3,273,0.019141900000001044,0.36415295601942643
DTLZ2,NSGA3,364,0.02981060000000113,0.34330165217178377
DTLZ2,NSGA3,455,0.039241100000001694,0.29973694246063265
DTLZ2,NSGA3,546,0.04844610000000138,0.3006422435669678
DTLZ2,NSGA3,637,0.05740640000000141,0.26156274827705356
DTLZ2,NSGA3,728,0.06687360000000098,0.2144691716361995
DTLZ2,NSGA3,819,0.07579980000000042,0.19487719468298917
DTLZ2,NSGA3,910,0.08483980000000102,0.17961394623557533
DTLZ2,NSGA3,1001,0.09401180000000053,0.16662037192650314
DTLZ2,NSGA3,1092,0.10329830000000051,0.15318638209773963
DTLZ2,NSGA3,1183,0.11249339999999997,0.13778029071231981
DTLZ2,NSGA3,1274,0.12159650000000077,0.13772433954975546
DTLZ2,NSGA3,1365,0.1306086000000004,0.13146786924645343
DTLZ2,NSGA3,1456,0.13971860000000014,0.12177535796302659
DTLZ2,NSGA3,1547,0.1487449000000005,0.11357906807161658
DTLZ2,NSGA3,1638,0.15815720000000155,0.11305385919150499
DTLZ2,NSGA3,1729,0.16737270000000137,0.11140424617759091
DTLZ2,NSGA3,1820,0.17652110000000043,0.1052153847340544
DTLZ2,NSGA3,1911,0.18580920000000134,0.10269667730436181
DTLZ2,NSGA3,2002,0.19503810000000144,0.10012787147381441
DTLZ2,NSGA3,2093,0.2044668000000005,0.09631604743692998
DTLZ2,NSGA3,2184,0.2142507000000009,0.0904532421301665
DTLZ2,NSGA3,2275,0.22388710000000067,0.08712606787645719
DTLZ2,NSGA3,2366,0.23358340000000055,0.08609390647018117
DTLZ2,NSGA3,2457,0.24313690000000143,0.08321714533014087
DTLZ2,NSGA3,2548,0.2528984000000012,0.08234708815536604
DTLZ2,NSGA3,2639,0.26256080000000104,0.07745521100714316
DTLZ2,NSGA3,2730,0.27205670000000026,0.07445186777399429
DTLZ2,NSGA3,2821,0.28189550000000096,0.07347845214075939
DTLZ2,NSGA3,2912,0.2915541000000008,0.06763568986840679
DTLZ2,NSGA3,3003,0.3013533000000006,0.06720801688391384
DTLZ2,NSGA3,3094,0.3116228000000003,0.06636705085219648
DTLZ2,NSGA3,3185,0.32149859999999997,0.06502763750739723
DTLZ2,NSGA3,3276,0.3317053000000012,0.06252059758963327
DTLZ2,NSGA3,3367,0.34133790000000097,0.06164594362479325
DTLZ2,NSGA3,3458,0.3513533000000013,0.06011728414898293
DTLZ2,NSGA3,3549,0.36100710000000014,0.06010476731635433
DTLZ2,NSGA3,3640,0.37082370000000076,0.05838711492445577
DTLZ2,NSGA3,3731,0.38067280000000103,0.0575663091508526
DTLZ2,NSGA3,3822,0.3903143,0.056015920325553026
DTLZ2,NSGA3,3913,0.4000115000000015,0.05625973395837892
DTLZ2,NSGA3,4004,0.40999050000000103,0.05583330092079929
DTLZ2,NSGA3,4095,0.42070840000000054,0.05489954022783845
DTLZ2,NSGA3,4186,0.4306576,0.05500395180319141
DTLZ2,NSGA3,4277,0.4407540000000001,0.05456607261270139
DTLZ2,NSGA3,4368,0.4507234000000011,0.05363992164551815
DTLZ2,NSGA3,4459,0.46058170000000054,0.05375270193123901
DTLZ2,NSGA3,4550,0.47066040000000164,0.05370886845564904
DTLZ2,NSGA3,4641,0.4804353000000017,0.05392202593555922
DTLZ2,NSGA3,4732,0.4904838000000016,0.054154508555273394
DTLZ2,NSGA3,4823,0.5004565000000003,0.0539179682088404
DTLZ2,NSGA3,4914,0.510466000000001,0.054295240791849005
DTLZ2,NSGA3,5005,0.5206924000000015,0.05367904068704921
DTLZ2,NSGA3,5096,0.5305250000000008,0.05356577402002683
DTLZ2,NSGA3,5187,0.5404885000000004,0.0534771953891816
DTLZ2,NSGA3,5278,0.5504345000000015,0.053328066444755885
DTLZ2,NSGA3,5369,0.5599952000000012,0.05309647165730063
DTLZ2,NSGA3,5460,0.5699444000000007,0.05301960833572055
DTLZ2,NSGA3,5551,0.5796501000000003,0.05301729861651133
DTLZ2,NSGA3,5642,0.5894785000000002,0.05281731814144812
DTLZ2,NSGA3,5733,0.5992322000000012,0.05269306663061776
DTLZ2,NSGA3,5824,0.6088571000000016,0.05288406373577897
DTLZ2,NSGA3,5915,0.6186274000000012,0.053237636002104446
DTLZ2,NSGA3,6006,0.6282098000000005,0.053438571193068336
DTLZ2,NSGA3,6097,0.6377420000000011,0.053120630945898
DTLZ2,NSGA3,6188,0.6473794000000002,0.05233020800741337
DTLZ2,NSGA3,6279,0.6569727000000007,0.0523989081065596
DTLZ2,NSGA3,6370,0.6666584000000011,0.05268878606740457
DTLZ2,NSGA3,6461,0.6763399000000003,0.05258669216801628
DTLZ2,NSGA3,6552,0.6861287000000011,0.05273947693979612
DTLZ2,NSGA3,6643,0.6958205000000017,0.05203713175389052
DTLZ2,NSGA3,6734,0.705483000000001,0.051514771271699795
DTLZ2,NSGA3,6825,0.7151880000000013,0.05132659871877737
DTLZ2,NSGA3,6916,0.7247552000000006,0.051204239673610465
DTLZ2,NSGA3,7007,0.7343717000000005,0.05145820100886032
DTLZ2,NSGA3,7098,0.7439903000000001,0.05123154419474643
DTLZ2,NSGA3,7189,0.7535713000000008,0.05133198648302061
DTLZ2,NSGA3,7280,0.7632036000000006,0.05128582097869028
DTLZ2,NSGA3,7371,0.7729185000000012,0.0514552143410986
DTLZ2,NSGA3,7462,0.7836241000000008,0.05141494445767066
DTLZ2,NSGA3,7553,0.7941928000000011,0.05166970996009515
DTLZ2,NSGA3,7644,0.803976200000001,0.05168925979573184
DTLZ2,NSGA3,7735,0.8136392000000008,0.051717950454354907
DTLZ2,NSGA3,7826,0.8234180000000002,0.051496718488437995
DTLZ2,NSGA3,7917,0.8329211000000001,0.051541044957353364
DTLZ2,NSGA3,8008,0.8424908000000002,0.05133188166595001
DTLZ2,NSGA3,8099,0.8521162000000011,0.05154769976725019
DTLZ2,NSGA3,8190,0.8616068000000006,0.05156245661267739
DTLZ2,NSGA3,8281,0.8713016000000007,0.051673494119162465
DTLZ2,NSGA3,8372,0.8807715000000016,0.05174398443449721
DTLZ2,NSGA3,8463,0.8905367000000002,0.051805839375110234
DTLZ2,NSGA3,8554,0.9001013000000011,0.05166258092640383
DTLZ2,NSGA3,8645,0.9095911000000001,0.05175589337567755
DTLZ2,NSGA3,8736,0.9191996000000007,0.051878382528869865
DTLZ2,NSGA3,8827,0.9288504,0.05185186734319985
DTLZ2,NSGA3,8918,0.9385114000000012,0.051859478567565676
DTLZ2,NSGA3,9009,0.9482226000000011,0.05168702353321542
DTLZ2,NSGA3,9100,0.9578160000000011,0.05158030015279385
DTLZ2,MOEAD,91,0.0,0.5243882428817079
DTLZ2,MOEAD,182,0.08554800000000107,0.4716025598344106
DTLZ2,MOEAD,273,0.17021090000000072,0.39314368486949186
DTLZ2,MOEAD,364,0.2535146000000008,0.3483880743814671
DTLZ2,MOEAD,455,0.33514580000000116,0.3953253273747394
DTLZ2,MOEAD,546,0.4159462000000005,0.30435435991851956
DTLZ2,MOEAD,637,0.4974546000000011,0.21647559422099633
DTLZ2,MOEAD,728,0.5808232000000011,0.20661086159086534
DTLZ2,MOEAD,819,0.6642589000000001,0.19925729551288593
DTLZ2,MOEAD,910,0.7507435000000005,0.19125062132180037
DTLZ2,MOEAD,1001,0.8376125000000005,0.17280454983224366
DTLZ2,MOEAD,1092,0.9227951999999995,0.15501133264256137
DTLZ2,MOEAD,1183,1.0069394000000003,0.16359233900838457
DTLZ2,MOEAD,1274,1.0910446,0.14588254809395232
DTLZ2,MOEAD,1365,1.1745371000000002,0.12577309209879917
DTLZ2,MOEAD,1456,1.2575345000000002,0.12705717622476592
DTLZ2,MOEAD,1547,1.3384499000000005,0.12754087732962074
DTLZ2,MOEAD,1638,1.4192388999999999,0.11947671994344693
DTLZ2,MOEAD,1729,1.5022073999999996,0.11510773580228219
DTLZ2,MOEAD,1820,1.5829940000000011,0.11464901850982329
DTLZ2,MOEAD,1911,1.6639055999999997,0.11398182940349112
DTLZ2,MOEAD,2002,1.7447590999999996,0.11310530199814862
DTLZ2,MOEAD,2093,1.8273247999999995,0.12429098718954083
DTLZ2,MOEAD,2184,1.9101838999999998,0.12859635328788624
DTLZ2,MOEAD,2275,1.9928094000000005,0.12302932820024423
DTLZ2,MOEAD,2366,2.0749797999999995,0.12669762821988784
DTLZ2,MOEAD,2457,2.1561965,0.12201932325631994
DTLZ2,MOEAD,2548,2.237263500000001,0.1199161860554575
DTLZ2,MOEAD,2639,2.3178946000000007,0.10206644088256851
DTLZ2,MOEAD,2730,2.397898100000001,0.10094358120453574
DTLZ2,MOEAD,2821,2.478401700000001,0.09663274721153754
DTLZ2,MOEAD,2912,2.561067600000001,0.08862584777922307
DTLZ2,MOEAD,3003,2.6429296000000004,0.09509754065932809
DTLZ2,MOEAD,3094,2.723817500000001,0.10185126720068209
DTLZ2,MOEAD,3185,2.804761100000002,0.09175727790859009
DTLZ2,MOEAD,3276,2.8887076999999994,0.08710921256904926
DTLZ2,MOEAD,3367,2.9759110000000017,0.08270681636626215
DTLZ2,MOEAD,3458,3.058642700000002,0.08635091457389199
DTLZ2,MOEAD,3549,3.142014399999999,0.08570394951105009
DTLZ2,MOEAD,3640,3.2235002999999995,0.08066371091309206
DTLZ2,MOEAD,3731,3.3073354000000013,0.07780931817250968
DTLZ2,MOEAD,3822,3.3888324,0.08223331253783281
DTLZ2,MOEAD,3913,3.471929300000001,0.07831388925267521
DTLZ2,MOEAD,4004,3.5548222999999997,0.07841151140082647
DTLZ2,MOEAD,4095,3.6365876000000004,0.07641684925202856
DTLZ2,MOEAD,4186,3.7193831,0.07405043448286437
DTLZ2,MOEAD,4277,3.8004350999999996,0.07591802829410486
DTLZ2,MOEAD,4368,3.8823743000000004,0.07339921330803356
DTLZ2,MOEAD,4459,3.962717200000002,0.07536661590207097
DTLZ2,MOEAD,4550,4.0429026,0.0750049712130586
DTLZ2,MOEAD,4641,4.124611700000001,0.07400767819773335
DTLZ2,MOEAD,4732,4.205091399999999,0.07158459222810205
DTLZ2,MOEAD,4823,4.285415299999999,0.07070890937887157
DTLZ2,MOEAD,4914,4.365112999999999,0.06965188111007362
DTLZ2,MOEAD,5005,4.445235600000002,0.06975965775991812
DTLZ2,MOEAD,5096,4.5260704,0.06962760030783566
DTLZ2,MOEAD,5187,4.6077502,0.06945599569720351
DTLZ2,MOEAD,5278,4.688282599999999,0.06888539698512022
DTLZ2,MOEAD,5369,4.769216200000001,0.06964688236624639
DTLZ2,MOEAD,5460,4.851008300000002,0.06967880430017906
DTLZ2,MOEAD,5551,4.931877600000002,0.06962490269461818
DTLZ2,MOEAD,5642,5.012683900000001,0.06663903395590512
DTLZ2,MOEAD,5733,5.093176300000001,0.06785280335037414
DTLZ2,MOEAD,5824,5.174245000000001,0.0654896570480861
DTLZ2,MOEAD,5915,5.254871400000001,0.06282376122422206
DTLZ2,MOEAD,6006,5.335681299999999,0.06033715206887482
DTLZ2,MOEAD,6097,5.4165545999999996,0.05995942557380348
DTLZ2,MOEAD,6188,5.497497000000001,0.05920079130973529
DTLZ2,MOEAD,6279,5.5782501,0.05903176765316737
DTLZ2,MOEAD,6370,5.658901300000002,0.05947404652614316
DTLZ2,MOEAD,6461,5.739988200000001,0.059931169250048585
DTLZ2,MOEAD,6552,5.821232700000001,0.059857159420771106
DTLZ2,MOEAD,6643,5.902226499999999,0.058973460031291815
DTLZ2,MOEAD,6734,5.983654500000002,0.05919399825821971
DTLZ2,MOEAD,6825,6.063830300000001,0.05905508556282074
DTLZ2,MOEAD,6916,6.1438191,0.05827437946713912
DTLZ2,MOEAD,7007,6.225163499999999,0.05809199967629083
DTLZ2,MOEAD,7098,6.305715600000001,0.058347317478431145
DTLZ2,MOEAD,7189,6.3862845,0.05822186997404997
DTLZ2,MOEAD,7280,6.466143199999999,0.05829279655991501
DTLZ2,MOEAD,7371,6.546120199999999,0.05816785086086373
DTLZ2,MOEAD,7462,6.626652900000002,0.05802548291476171
DTLZ2,MOEAD,7553,6.7072269,0.05781813930174753
DTLZ2,MOEAD,7644,6.787472200000002,0.05749428690443708
DTLZ2,MOEAD,7735,6.868486500000001,0.05746596333662614
DTLZ2,MOEAD,7826,6.948855100000001,0.0575146560010058
DTLZ2,MOEAD,7917,7.028639100000001,0.05703990617480875
DTLZ2,MOEAD,8008,7.108631100000002,0.05692795764410711
DTLZ2,MOEAD,8099,7.188794400000001,0.05683215258682296
DTLZ2,MOEAD,8190,7.268792299999999,0.056770415161497625
DTLZ2,MOEAD,8281,7.348740000000001,0.05625265041336031
DTLZ2,MOEAD,8372,7.4288857,0.056184953610305045
DTLZ2,MOEAD,8463,7.508644600000002,0.05603131775138992
DTLZ2,MOEAD,8554,7.5883161999999995,0.055995090978038065
DTLZ2,MOEAD,8645,7.669003399999999,0.05595591473708681
DTLZ2,MOEAD,8736,7.749554399999999,0.05600503207492096
DTLZ2,MOEAD,8827,7.8307096000000005,0.055984143475121984
DTLZ2,MOEAD,8918,7.911725800000001,0.055901652293730814
DTLZ2,MOEAD,9009,7.9920144,0.055868068294212175
DTLZ2,MOEAD,9100,8.071877200000001,0.05635789387120377
DTLZ3,NSGA2,91,0.0,319.86242947906624
DTLZ3,NSGA2,182,0.0395210999999982,319.86242947906624
DTLZ3,NSGA2,273,0.04753029999999825,319.86242947906624
DTLZ3,NSGA2,364,0.05622280000000046,318.32166967363133
DTLZ3,NSGA2,455,0.06428709999999782,232.5710180977619
DTLZ3,NSGA2,546,0.07296399999999892,232.5710180977619
DTLZ3,NSGA2,637,0.08072029999999941,232.5710180977619
DTLZ3,NSGA2,728,0.08852230000000105,232.5710180977619
DTLZ3,NSGA2,819,0.09613729999999876,232.5710180977619
DTLZ3,NSGA2,910,0.10408680000000103,161.3646091548167
DTLZ3,NSGA2,1001,0.11209630000000104,155.83119615220997
DTLZ3,NSGA2,1092,0.12007499999999993,155.83119615220997
DTLZ3,NSGA2,1183,0.12799869999999913,155.83119615220997
DTLZ3,NSGA2,1274,0.1360992000000003,155.83119615220997
DTLZ3,NSGA2,1365,0.14298259999999985,155.83119615220997
DTLZ3,NSGA2,1456,0.15089799999999798,155.83119615220997
DTLZ3,NSGA2,1547,0.15770630000000097,141.60028272032767
DTLZ3,NSGA2,1638,0.16548609999999897,99.61062142471688
DTLZ3,NSGA2,1729,0.17336699999999894,99.61062142471688
DTLZ3,NSGA2,1820,0.18150599999999883,99.61062142471688
DTLZ3,NSGA2,1911,0.1895161999999999,99.61062142471688
DTLZ3,NSGA2,2002,0.19734439999999864,99.61062142471688
DTLZ3,NSGA2,2093,0.20520929999999993,99.61062142471688
DTLZ3,NSGA2,2184,0.21339109999999906,99.61062142471688
DTLZ3,NSGA2,2275,0.22127769999999813,99.61062142471688
DTLZ3,NSGA2,2366,0.22817579999999893,99.61062142471688
DTLZ3,NSGA2,2457,0.23578099999999935,99.13290731489803
DTLZ3,NSGA2,2548,0.24362659999999892,89.25062412034225
DTLZ3,NSGA2,2639,0.2514462000000002,89.25062412034225
DTLZ3,NSGA2,2730,0.2593853999999993,89.25062412034225
DTLZ3,NSGA2,2821,0.26626189999999994,89.25062412034225
DTLZ3,NSGA2,2912,0.2732385999999991,89.00658833954715
DTLZ3,NSGA2,3003,0.28014169999999794,88.95828936620786
DTLZ3,NSGA2,3094,0.2880520000000004,69.57709469423118
DTLZ3,NSGA2,3185,0.29604369999999847,69.57709469423118
DTLZ3,NSGA2,3276,0.30390780000000106,69.57709469423118
DTLZ3,NSGA2,3367,0.31200660000000013,69.57709469423118
DTLZ3,NSGA2,3458,0.3200815000000006,67.55732955434074
DTLZ3,NSGA2,3549,0.328714999999999,66.43921631274503
DTLZ3,NSGA2,3640,0.3367371999999982,66.43921631274503
DTLZ3,NSGA2,3731,0.34559739999999906,66.43921631274503
DTLZ3,NSGA2,3822,0.35336870000000076,66.43921631274503
DTLZ3,NSGA2,3913,0.36120479999999944,66.43921631274503
DTLZ3,NSGA2,4004,0.3690005999999997,66.43921631274503
DTLZ3,NSGA2,4095,0.37596169999999773,49.561868032895376
DTLZ3,NSGA2,4186,0.38444159999999883,49.561868032895376
DTLZ3,NSGA2,4277,0.3924665999999988,49.561868032895376
DTLZ3,NSGA2,4368,0.39937699999999765,49.561868032895376
DTLZ3,NSGA2,4459,0.40636229999999784,49.561868032895376
DTLZ3,NSGA2,4550,0.41333600000000104,49.561868032895376
DTLZ3,NSGA2,4641,0.4213495999999992,45.8340466173517
DTLZ3,NSGA2,4732,0.4292279000000008,45.8340466173517
DTLZ3,NSGA2,4823,0.4372386999999982,45.8340466173517
DTLZ3,NSGA2,4914,0.4450979000000004,45.8340466173517
DTLZ3,NSGA2,5005,0.45507809999999793,45.8340466173517
DTLZ3,NSGA2,5096,0.46187360000000055,45.8340466173517
DTLZ3,NSGA2,5187,0.4687209999999986,45.8340466173517
DTLZ3,NSGA2,5278,0.476522199999998,45.8340466173517
DTLZ3,NSGA2,5369,0.48334119999999814,45.8340466173517
DTLZ3,NSGA2,5460,0.49123519999999843,45.8340466173517
DTLZ3,NSGA2,5551,0.49897179999999963,45.8340466173517
DTLZ3,NSGA2,5642,0.5069438999999996,43.11497833822955
DTLZ3,NSGA2,5733,0.5148726000000003,43.11497833822955
DTLZ3,NSGA2,5824,0.5229347000000004,43.11497833822955
DTLZ3,NSGA2,5915,0.5306789999999992,33.833103317036
DTLZ3,NSGA2,6006,0.5384855000000002,33.833103317036
DTLZ3,NSGA2,6097,0.5466850999999977,33.833103317036
DTLZ3,NSGA2,6188,0.5535226999999985,33.833103317036
DTLZ3,NSGA2,6279,0.5614284999999981,22.61125085400849
DTLZ3,NSGA2,6370,0.5693722999999977,22.61125085400849
DTLZ3,NSGA2,6461,0.5774954000000001,22.61125085400849
DTLZ3,NSGA2,6552,0.5863094000000011,22.61125085400849
DTLZ3,NSGA2,6643,0.5942606999999995,22.61125085400849
DTLZ3,NSGA2,6734,0.6020274000000008,22.61125085400849
DTLZ3,NSGA2,6825,0.609928,22.61125085400849
DTLZ3,NSGA2,6916,0.6180233000000008,22.61125085400849
DTLZ3,NSGA2,7007,0.6259978000000004,22.61125085400849
DTLZ3,NSGA2,7098,0.6338228000000008,22.61125085400849
DTLZ3,NSGA2,7189,0.6418785999999983,21.407791465453585
DTLZ3,NSGA2,7280,0.649595699999999,21.407791465453585
DTLZ3,NSGA2,7371,0.6576343999999992,21.407791465453585
DTLZ3,NSGA2,7462,0.6653385999999983,21.407791465453585
DTLZ3,NSGA2,7553,0.6734741,21.407791465453585
DTLZ3,NSGA2,7644,0.6813254999999998,21.407791465453585
DTLZ3,NSGA2,7735,0.6884034999999997,21.407791465453585
DTLZ3,NSGA2,7826,0.6962098999999995,21.407791465453585
DTLZ3,NSGA2,7917,0.703122399999998,21.407791465453585
DTLZ3,NSGA2,8008,0.7110374999999998,21.407791465453585
DTLZ3,NSGA2,8099,0.7190091999999986,21.407791465453585
DTLZ3,NSGA2,8190,0.7269673999999995,21.407791465453585
DTLZ3,NSGA2,8281,0.7350600999999983,21.407791465453585
DTLZ3,NSGA2,8372,0.7426792999999989,21.407791465453585
DTLZ3,NSGA2,8463,0.7503758000000005,21.407791465453585
DTLZ3,NSGA2,8554,0.7583088999999994,21.407791465453585
DTLZ3,NSGA2,8645,0.766046799999998,21.407791465453585
DTLZ3,NSGA2,8736,0.7743125999999982,21.407791465453585
DTLZ3,NSGA2,8827,0.7831255999999982,21.407791465453585
DTLZ3,NSGA2,8918,0.791107499999999,21.407791465453585
DTLZ3,NSGA2,9009,0.7988578000000004,21.2935033756247
DTLZ3,NSGA2,9100,0.8072136000000008,21.2935033756247
DTLZ3,NSGA3,91,0.0,319.86242947906624
DTLZ3,NSGA3,182,0.008781600000002499,319.86242947906624
DTLZ3,NSGA3,273,0.017686600000001107,319.86242947906624
DTLZ3,NSGA3,364,0.026298100000001767,319.86242947906624
DTLZ3,NSGA3,455,0.03535950000000199,191.37884736393517
DTLZ3,NSGA3,546,0.043769100000002226,191.37884736393517
DTLZ3,NSGA3,637,0.05263590000000207,191.37884736393517
DTLZ3,NSGA3,728,0.06111310000000003,191.37884736393517
DTLZ3,NSGA3,819,0.06959740000000281,192.71634135789296
DTLZ3,NSGA3,910,0.07816120000000026,192.71634135789296
DTLZ3,NSGA3,1001,0.08661470000000193,192.71634135789296
DTLZ3,NSGA3,1092,0.09508270000000252,174.4580337753981
DTLZ3,NSGA3,1183,0.10374190000000283,174.4580337753981
DTLZ3,NSGA3,1274,0.11252460000000042,134.94174275357298
DTLZ3,NSGA3,1365,0.12135940000000289,134.94174275357298
DTLZ3,NSGA3,1456,0.1303711000000014,134.94174275357298
DTLZ3,NSGA3,1547,0.13908510000000263,134.94174275357298
DTLZ3,NSGA3,1638,0.14784889999999962,180.1686323626409
DTLZ3,NSGA3,1729,0.15664410000000117,118.85028893601536
DTLZ3,NSGA3,1820,0.16542290000000293,99.93242247112421
DTLZ3,NSGA3,1911,0.1741392000000026,91.46952191936761
DTLZ3,NSGA3,2002,0.18275720000000106,91.46952191936761
DTLZ3,NSGA3,2093,0.19147850000000233,91.46952191936761
DTLZ3,NSGA3,2184,0.20028970000000257,91.46952191936761
DTLZ3,NSGA3,2275,0.20892650000000046,91.46952191936761
DTLZ3,NSGA3,2366,0.2176801000000026,91.46952191936761
DTLZ3,NSGA3,2457,0.22625280000000103,91.46952191936761
DTLZ3,NSGA3,2548,0.2347847000000023,91.46952191936761
DTLZ3,NSGA3,2639,0.24333150000000003,91.46952191936761
DTLZ3,NSGA3,2730,0.2519017000000012,94.3435842571702
DTLZ3,NSGA3,2821,0.26071540000000226,106.07255900275123
DTLZ3,NSGA3,2912,0.26947700000000196,124.32258757845814
DTLZ3,NSGA3,3003,0.27821300000000093,103.45578057254332
DTLZ3,NSGA3,3094,0.28674900000000036,103.45578057254332
DTLZ3,NSGA3,3185,0.2953258000000005,89.56614520358862
DTLZ3,NSGA3,3276,0.3037298000000028,83.45261588882767
DTLZ3,NSGA3,3367,0.3122876000000012,103.45578057254332
DTLZ3,NSGA3,3458,0.320814900000002,103.45578057254332
DTLZ3,NSGA3,3549,0.32924970000000187,89.75856269108353
DTLZ3,NSGA3,3640,0.33767560000000074,81.90733989026758
DTLZ3,NSGA3,3731,0.3462056000000011,81.90733989026758
DTLZ3,NSGA3,3822,0.3549269000000024,74.81407155259646
DTLZ3,NSGA3,3913,0.3634435000000025,74.81407155259646
DTLZ3,NSGA3,4004,0.37209239999999966,24.99624755983111
DTLZ3,NSGA3,4095,0.38060190000000205,24.99624755983111
DTLZ3,NSGA3,4186,0.38907040000000137,24.99624755983111
DTLZ3,NSGA3,4277,0.397795900000002,24.99624755983111
DTLZ3,NSGA3,4368,0.40618900000000124,24.99624755983111
DTLZ3,NSGA3,4459,0.41478750000000275,24.99624755983111
DTLZ3,NSGA3,4550,0.4232091000000011,31.91971982391564
DTLZ3,NSGA3,4641,0.43151120000000276,31.91971982391564
DTLZ3,NSGA3,4732,0.44025580000000275,35.80594327723539
DTLZ3,NSGA3,4823,0.4487874000000005,35.80594327723539
DTLZ3,NSGA3,4914,0.45722430000000003,34.742248193026455
DTLZ3,NSGA3,5005,0.465745400000003,34.742248193026455
DTLZ3,NSGA3,5096,0.47429699999999997,74.82790627123802
DTLZ3,NSGA3,5187,0.4829649000000025,18.291924694083562
DTLZ3,NSGA3,5278,0.4915705000000017,18.291924694083562
DTLZ3,NSGA3,5369,0.5001412000000016,18.291924694083562
DTLZ3,NSGA3,5460,0.5085690000000014,18.291924694083562
DTLZ3,NSGA3,5551,0.5170393000000004,18.291924694083562
DTLZ3,NSGA3,5642,0.5254301000000012,18.291924694083562
DTLZ3,NSGA3,5733,0.5339923000000013,31.483879918647784
DTLZ3,NSGA3,5824,0.5424427999999999,31.483879918647784
DTLZ3,NSGA3,5915,0.5510631000000004,31.483879918647784
DTLZ3,NSGA3,6006,0.559659700000001,22.82531039379661
DTLZ3,NSGA3,6097,0.5681167000000009,17.592850803190377
DTLZ3,NSGA3,6188,0.5768037000000028,17.592850803190377
DTLZ3,NSGA3,6279,0.5852272999999997,12.854705410664343
DTLZ3,NSGA3,6370,0.5935873000000029,12.854705410664343
DTLZ3,NSGA3,6461,0.6020396000000012,12.854705410664343
DTLZ3,NSGA3,6552,0.6105044,12.854705410664343
DTLZ3,NSGA3,6643,0.6190660000000001,12.854705410664343
DTLZ3,NSGA3,6734,0.6276170000000008,12.854705410664343
DTLZ3,NSGA3,6825,0.636355100000003,12.789223172291676
DTLZ3,NSGA3,6916,0.6449005000000021,12.828809841581874
DTLZ3,NSGA3,7007,0.653515800000001,13.010629363062051
DTLZ3,NSGA3,7098,0.6620328999999998,13.010629363062051
DTLZ3,NSGA3,7189,0.6705117000000023,11.652508917924957
DTLZ3,NSGA3,7280,0.6789045000000016,11.652508917924957
DTLZ3,NSGA3,7371,0.6874646999999996,11.652508917924957
DTLZ3,NSGA3,7462,0.6958680000000008,11.652508917924957
DTLZ3,NSGA3,7553,0.7043008000000022,11.652508917924957
DTLZ3,NSGA3,7644,0.7140550000000019,13.664954524641914
DTLZ3,NSGA3,7735,0.7227049000000001,12.53203813000683
DTLZ3,NSGA3,7826,0.7312886000000027,12.53203813000683
DTLZ3,NSGA3,7917,0.7400070000000021,12.53203813000683
DTLZ3,NSGA3,8008,0.7485904000000012,9.369832176832464
DTLZ3,NSGA3,8099,0.7571498000000005,11.20191757617547
DTLZ3,NSGA3,8190,0.7656507000000019,9.240619180817873
DTLZ3,NSGA3,8281,0.7743207000000005,12.233399761681737
DTLZ3,NSGA3,8372,0.7831050000000026,11.20191757617547
DTLZ3,NSGA3,8463,0.7917888000000026,11.20191757617547
DTLZ3,NSGA3,8554,0.8006747000000018,6.737789748929846
DTLZ3,NSGA3,8645,0.8094378000000013,6.737789748929846
DTLZ3,NSGA3,8736,0.8185215000000028,6.737789748929846
DTLZ3,NSGA3,8827,0.8272226000000025,6.737789748929846
DTLZ3,NSGA3,8918,0.835780800000002,6.737789748929846
DTLZ3,NSGA3,9009,0.8444547,6.737789748929846
DTLZ3,NSGA3,9100,0.8531910000000025,6.737789748929846
DTLZ3,MOEAD,91,0.0,539.6663138914867
DTLZ3,MOEAD,182,0.08582159999999917,250.9548558372643
DTLZ3,MOEAD,273,0.16646129999999815,147.95014111320762
DTLZ3,MOEAD,364,0.2464671999999979,115.13779644276244
DTLZ3,MOEAD,455,0.32677989999999824,69.92803946219408
DTLZ3,MOEAD,546,0.4070233999999999,48.96614133636188
DTLZ3,MOEAD,637,0.48707869999999787,41.21228345707114
DTLZ3,MOEAD,728,0.5671626999999972,41.18788816296802
DTLZ3,MOEAD,819,0.6471892999999973,34.14115169436251
DTLZ3,MOEAD,910,0.7273744999999998,34.13429531727653
DTLZ3,MOEAD,1001,0.8075239999999972,32.53494422794515
DTLZ3,MOEAD,1092,0.8883016999999995,32.162450178148156
DTLZ3,MOEAD,1183,0.9688760999999992,32.162450178148156
DTLZ3,MOEAD,1274,1.0491436999999983,32.12055267379717
DTLZ3,MOEAD,1365,1.1298300999999995,30.633460399341146
DTLZ3,MOEAD,1456,1.2100013999999994,30.384320695741092
DTLZ3,MOEAD,1547,1.2903363999999975,30.384320695741092
DTLZ3,MOEAD,1638,1.3707038999999988,30.050532478182465
DTLZ3,MOEAD,1729,1.451819099999998,29.700872412725058
DTLZ3,MOEAD,1820,1.532090499999999,25.602436651873862
DTLZ3,MOEAD,1911,1.6134568999999992,25.43419918655766
DTLZ3,MOEAD,2002,1.693795699999999,25.42997467537891
DTLZ3,MOEAD,2093,1.7741501999999976,25.416788381832642
DTLZ3,MOEAD,2184,1.8549972999999973,24.459292643609327
DTLZ3,MOEAD,2275,1.9352576999999975,24.3962624238929
DTLZ3,MOEAD,2366,2.016562699999998,24.281966851223082
DTLZ3,MOEAD,2457,2.0975962999999993,23.79125780804821
DTLZ3,MOEAD,2548,2.1782398,23.791237337310577
DTLZ3,MOEAD,2639,2.259190399999998,23.800751152358913
DTLZ3,MOEAD,2730,2.339616499999998,23.800751152358913
DTLZ3,MOEAD,2821,2.4200114,23.80077162309655
DTLZ3,MOEAD,2912,2.5002291999999997,21.742091124589564
DTLZ3,MOEAD,3003,2.5805755999999995,21.742091124589564
DTLZ3,MOEAD,3094,2.660763499999998,19.422196340174388
DTLZ3,MOEAD,3185,2.7409979999999976,19.55154826126806
DTLZ3,MOEAD,3276,2.821248899999997,19.55154826126806
DTLZ3,MOEAD,3367,2.9023188999999974,19.55154826126806
DTLZ3,MOEAD,3458,2.9827012999999987,19.55154826126806
DTLZ3,MOEAD,3549,3.0638974999999995,19.47571155611077
DTLZ3,MOEAD,3640,3.144145499999997,19.2152565381577
DTLZ3,MOEAD,3731,3.224346699999998,19.2152565381577
DTLZ3,MOEAD,3822,3.3053375000000003,16.59001616637735
DTLZ3,MOEAD,3913,3.3861013999999976,16.59001616637735
DTLZ3,MOEAD,4004,3.4662733999999986,16.59001616637735
DTLZ3,MOEAD,4095,3.5463839999999998,16.58590238918837
DTLZ3,MOEAD,4186,3.6279267999999973,15.235613232143454
DTLZ3,MOEAD,4277,3.7092796999999997,13.91698511216948
DTLZ3,MOEAD,4368,3.790499799999999,13.731030375919964
DTLZ3,MOEAD,4459,3.871033399999998,13.683300252765783
DTLZ3,MOEAD,4550,3.9510267999999975,13.593450946432169
DTLZ3,MOEAD,4641,4.035917399999999,13.593450946432169
DTLZ3,MOEAD,4732,4.119983899999998,13.547236796421334
DTLZ3,MOEAD,4823,4.2043368,13.544492902970322
DTLZ3,MOEAD,4914,4.289024399999999,13.485596952753651
DTLZ3,MOEAD,5005,4.373853099999998,13.424972336226745
DTLZ3,MOEAD,5096,4.457065699999998,13.420684541517153
DTLZ3,MOEAD,5187,4.539795999999999,10.594300910917973
DTLZ3,MOEAD,5278,4.622455299999999,10.591765046579061
DTLZ3,MOEAD,5369,4.705129099999997,10.579401280796196
DTLZ3,MOEAD,5460,4.7869338,10.579401280796196
DTLZ3,MOEAD,5551,4.868654799999998,10.474097457679832
DTLZ3,MOEAD,5642,4.950427299999998,10.450602236986095
DTLZ3,MOEAD,5733,5.033208799999997,9.775010717913469
DTLZ3,MOEAD,5824,5.115300699999999,9.775010717913469
DTLZ3,MOEAD,5915,5.198352699999997,9.775010717913469
DTLZ3,MOEAD,6006,5.28049,9.775010717913469
DTLZ3,MOEAD,6097,5.3619415,9.768310199931996
DTLZ3,MOEAD,6188,5.4441387,9.768310199931996
DTLZ3,MOEAD,6279,5.525737999999997,9.70491317080247
DTLZ3,MOEAD,6370,5.607722899999999,9.704648434062786
DTLZ3,MOEAD,6461,5.689367699999998,9.704648434062786
DTLZ3,MOEAD,6552,5.7716730999999974,9.630482381739077
DTLZ3,MOEAD,6643,5.853645499999999,9.455228519605116
DTLZ3,MOEAD,6734,5.935506699999998,9.444298417894462
DTLZ3,MOEAD,6825,6.017475599999997,9.474331544024631
DTLZ3,MOEAD,6916,6.097803499999998,9.458576865754345
DTLZ3,MOEAD,7007,6.178207799999999,9.4651224686322
DTLZ3,MOEAD,7098,6.2585713999999975,9.459212395700971
DTLZ3,MOEAD,7189,6.339038299999999,9.459085558100101
DTLZ3,MOEAD,7280,6.4194296999999985,9.415784223786758
DTLZ3,MOEAD,7371,6.499541499999999,9.414931272802168
DTLZ3,MOEAD,7462,6.580762799999999,9.414828189573235
DTLZ3,MOEAD,7553,6.661461899999999,9.412081981269166
DTLZ3,MOEAD,7644,6.741758399999998,9.379944201493768
DTLZ3,MOEAD,7735,6.8224749,9.369209254395566
DTLZ3,MOEAD,7826,6.9030308,8.49843132430348
DTLZ3,MOEAD,7917,6.983001299999998,8.360489557331926
DTLZ3,MOEAD,8008,7.064334599999999,7.4046246857388445
DTLZ3,MOEAD,8099,7.145036699999999,7.216352116026316
DTLZ3,MOEAD,8190,7.225592199999998,7.214421616450895
DTLZ3,MOEAD,8281,7.305710599999998,7.146673712595636
DTLZ3,MOEAD,8372,7.3858669,7.072208964519334
DTLZ3,MOEAD,8463,7.466029499999998,6.926537647065698
DTLZ3,MOEAD,8554,7.546199599999998,6.751205326500701
DTLZ3,MOEAD,8645,7.626541199999998,6.4951077627094564
DTLZ3,MOEAD,8736,7.7071781,6.4951077627094564
DTLZ3,MOEAD,8827,7.787413899999997,6.4951077627094564
DTLZ3,MOEAD,8918,7.8677843,6.453487336410933
DTLZ3,MOEAD,9009,7.948013999999997,6.453487336410933
DTLZ3,MOEAD,9100,8.028480799999997,6.4423514152369465
DTLZ4,NSGA2,91,0.0,0.9360314244284973
DTLZ4,NSGA2,182,0.009460300000000643,0.9373330234410426
DTLZ4,NSGA2,273,0.018580299999999994,0.7123043929000027
DTLZ4,NSGA2,364,0.025751200000001973,0.6685486881736185
DTLZ4,NSGA2,455,0.033529900000001334,0.5747319255111527
DTLZ4,NSGA2,546,0.04049860000000294,0.5067375091389237
DTLZ4,NSGA2,637,0.050039300000001674,0.3930868233267636
DTLZ4,NSGA2,728,0.0579084000000023,0.37939144524963714
DTLZ4,NSGA2,819,0.06641500000000278,0.32729993221833026
DTLZ4,NSGA2,910,0.07315050000000056,0.2788598120603337
DTLZ4,NSGA2,1001,0.08103860000000296,0.24728366573320948
DTLZ4,NSGA2,1092,0.08859190000000083,0.2339526542090027
DTLZ4,NSGA2,1183,0.0971800000000016,0.20889925108298435
DTLZ4,NSGA2,1274,0.10505620000000349,0.1781514485437454
DTLZ4,NSGA2,1365,0.11334010000000205,0.16613395984498594
DTLZ4,NSGA2,1456,0.12104410000000243,0.14725338315384479
DTLZ4,NSGA2,1547,0.12895950000000056,0.1353889977929483
DTLZ4,NSGA2,1638,0.1366714000000009,0.12729665667797357
DTLZ4,NSGA2,1729,0.14462480000000255,0.12163351609410429
DTLZ4,NSGA2,1820,0.15352239999999995,0.12475264599477995
DTLZ4,NSGA2,1911,0.16137340000000222,0.11672532147565015
DTLZ4,NSGA2,2002,0.16919610000000063,0.11120918286518412
DTLZ4,NSGA2,2093,0.17714890000000239,0.10968008882954824
DTLZ4,NSGA2,2184,0.18485630000000342,0.10619421506449894
DTLZ4,NSGA2,2275,0.19177350000000004,0.09866767030265476
DTLZ4,NSGA2,2366,0.19969420000000326,0.09755010776849077
DTLZ4,NSGA2,2457,0.20663840000000278,0.09587150855020025
DTLZ4,NSGA2,2548,0.2143971000000029,0.09565600171056371
DTLZ4,NSGA2,2639,0.22245110000000068,0.08993768453858342
DTLZ4,NSGA2,2730,0.2301522000000027,0.08780935434670019
DTLZ4,NSGA2,2821,0.23823780000000028,0.08548091995287249
DTLZ4,NSGA2,2912,0.2449690000000011,0.0819385557616697
DTLZ4,NSGA2,3003,0.25283990000000145,0.08120093117346276
DTLZ4,NSGA2,3094,0.2608466000000007,0.08138078932070568
DTLZ4,NSGA2,3185,0.26876410000000206,0.077785075806275
DTLZ4,NSGA2,3276,0.2767392000000015,0.0816033141710621
DTLZ4,NSGA2,3367,0.28437460000000314,0.0824658295650176
DTLZ4,NSGA2,3458,0.2924184000000025,0.07808394288209473
DTLZ4,NSGA2,3549,0.30100920000000286,0.07745211845010495
DTLZ4,NSGA2,3640,0.30984510000000043,0.0796509388172918
DTLZ4,NSGA2,3731,0.3177892,0.08123295975274607
DTLZ4,NSGA2,3822,0.32579840000000004,0.0766481274089363
DTLZ4,NSGA2,3913,0.333712000000002,0.08326467738883016
DTLZ4,NSGA2,4004,0.3416629000000029,0.08210042555860017
DTLZ4,NSGA2,4095,0.3494799000000022,0.07967133957746364
DTLZ4,NSGA2,4186,0.357869400000002,0.08220942351557818
DTLZ4,NSGA2,4277,0.36602310000000315,0.08182171316188216
DTLZ4,NSGA2,4368,0.3739861000000033,0.07821837504095276
DTLZ4,NSGA2,4459,0.38199630000000084,0.08110933979066572
DTLZ4,NSGA2,4550,0.38984150000000284,0.07632337781461507
DTLZ4,NSGA2,4641,0.39780910000000347,0.07867225094063014
DTLZ4,NSGA2,4732,0.4057682000000007,0.08063295402952125
DTLZ4,NSGA2,4823,0.4137983000000034,0.07940540365923529
DTLZ4,NSGA2,4914,0.42171550000000124,0.0756875690772667
DTLZ4,NSGA2,5005,0.42970780000000275,0.07896417515928429
DTLZ4,NSGA2,5096,0.4377736000000034,0.07364785066068416
DTLZ4,NSGA2,5187,0.4467370000000024,0.07668268523849442
DTLZ4,NSGA2,5278,0.45436420000000055,0.07958044887570553
DTLZ4,NSGA2,5369,0.4623000000000026,0.0760710308478582
DTLZ4,NSGA2,5460,0.47029480000000135,0.07400125819069166
DTLZ4,NSGA2,5551,0.4785018000000001,0.07192899156379505
DTLZ4,NSGA2,5642,0.486529400000002,0.07180248737568098
DTLZ4,NSGA2,5733,0.49455070000000134,0.06836340524718537
DTLZ4,NSGA2,5824,0.5022459000000019,0.07114991079907158
DTLZ4,NSGA2,5915,0.5103478000000017,0.07371387387732878
DTLZ4,NSGA2,6006,0.5173050000000003,0.07942097457596976
DTLZ4,NSGA2,6097,0.5253691000000025,0.07471584259069483
DTLZ4,NSGA2,6188,0.5338986000000006,0.07454646724405647
DTLZ4,NSGA2,6279,0.5408482000000028,0.06986874609083174
DTLZ4,NSGA2,6370,0.5488316000000033,0.07003255050682042
DTLZ4,NSGA2,6461,0.5566949000000001,0.07401028557124636
DTLZ4,NSGA2,6552,0.5648509000000033,0.07500870096515333
DTLZ4,NSGA2,6643,0.5727288000000001,0.07269539093100634
DTLZ4,NSGA2,6734,0.5808302000000012,0.07391833586705329
DTLZ4,NSGA2,6825,0.5888162000000001,0.0747592278922563
DTLZ4,NSGA2,6916,0.5957560000000015,0.0730494239376698
DTLZ4,NSGA2,7007,0.6036684000000001,0.07418605175998143
DTLZ4,NSGA2,7098,0.6116613000000015,0.07558949442648977
DTLZ4,NSGA2,7189,0.6194498000000017,0.07689901667226302
DTLZ4,NSGA2,7280,0.6274097000000012,0.0749871126948388
DTLZ4,NSGA2,7371,0.6351609000000025,0.07143750938066729
DTLZ4,NSGA2,7462,0.6431955000000009,0.07346851736815693
DTLZ4,NSGA2,7553,0.6513847000000013,0.07074828902737235
DTLZ4,NSGA2,7644,0.6593123000000034,0.07232624860008524
DTLZ4,NSGA2,7735,0.666225800000003,0.07349535888509552
DTLZ4,NSGA2,7826,0.6740392000000028,0.07453058423924981
DTLZ4,NSGA2,7917,0.6809888000000015,0.07240580527187071
DTLZ4,NSGA2,8008,0.6888931000000014,0.07407426943771708
DTLZ4,NSGA2,8099,0.6969390000000004,0.0755907676027402
DTLZ4,NSGA2,8190,0.7049277000000025,0.07157289237672802
DTLZ4,NSGA2,8281,0.7129185000000007,0.07195285631814038
DTLZ4,NSGA2,8372,0.7207434000000035,0.07194021555079255
DTLZ4,NSGA2,8463,0.7277795000000005,0.073651696402643
DTLZ4,NSGA2,8554,0.7356781000000012,0.07461098071766414
DTLZ4,NSGA2,8645,0.7438543000000024,0.07694794883843226
DTLZ4,NSGA2,8736,0.751676800000002,0.07283987246573857
DTLZ4,NSGA2,8827,0.7587820000000001,0.0740854294864126
DTLZ4,NSGA2,8918,0.7657279000000017,0.07387892915156467
DTLZ4,NSGA2,9009,0.7736030000000014,0.0716491991738611
DTLZ4,NSGA2,9100,0.782495400000002,0.07259222526825393
DTLZ4,NSGA3,91,0.0,0.9850094435951633
DTLZ4,NSGA3,182,0.009439900000003831,1.3044729308330871
DTLZ4,NSGA3,273,0.01793140000000193,1.078646223105514
DTLZ4,NSGA3,364,0.027808200000002614,1.078646223105514
DTLZ4,NSGA3,455,0.03574240000000373,0.6915279013719644
DTLZ4,NSGA3,546,0.04503530000000211,0.5124971028136933
DTLZ4,NSGA3,637,0.05412630000000007,0.4657373760679893
DTLZ4,NSGA3,728,0.06337220000000343,0.4395989565135734
DTLZ4,NSGA3,819,0.07210290000000441,0.5585594356065914
DTLZ4,NSGA3,910,0.08101380000000091,0.5752495128443477
DTLZ4,NSGA3,1001,0.09023180000000508,0.36159000899291993
DTLZ4,NSGA3,1092,0.09893930000000495,0.34843222808036484
DTLZ4,NSGA3,1183,0.10768550000000232,0.33901616025135983
DTLZ4,NSGA3,1274,0.1164137000000025,0.226756986922159
DTLZ4,NSGA3,1365,0.12548380000000492,0.14236175554643432
DTLZ4,NSGA3,1456,0.1345267000000021,0.13305351146426633
DTLZ4,NSGA3,1547,0.1437316000000024,0.12461838304880857
DTLZ4,NSGA3,1638,0.15383620000000064,0.12258548420403519
DTLZ4,NSGA3,1729,0.16308910000000054,0.10623860981367123
DTLZ4,NSGA3,1820,0.17249620000000476,0.10034422766025475
DTLZ4,NSGA3,1911,0.18174220000000219,0.09694509875784278
DTLZ4,NSGA3,2002,0.19097530000000518,0.09455449329639265
DTLZ4,NSGA3,2093,0.200385500000003,0.0872746481120493
DTLZ4,NSGA3,2184,0.20974790000000354,0.0840328384216038
DTLZ4,NSGA3,2275,0.21933750000000174,0.07809594945052023
DTLZ4,NSGA3,2366,0.22877030000000076,0.07630267599585575
DTLZ4,NSGA3,2457,0.23821660000000122,0.07279997276435853
DTLZ4,NSGA3,2548,0.24794310000000053,0.07250241243910077
DTLZ4,NSGA3,2639,0.2573192999999989,0.07126164751661353
DTLZ4,NSGA3,2730,0.26681400000000366,0.07149089452089272
DTLZ4,NSGA3,2821,0.2761519000000021,0.07045437360139344
DTLZ4,NSGA3,2912,0.2856999999999985,0.06906593915905304
DTLZ4,NSGA3,3003,0.29525670000000304,0.0685766608275357
DTLZ4,NSGA3,3094,0.3048762000000025,0.06753457023212452
DTLZ4,NSGA3,3185,0.3145014000000046,0.06660203605493059
DTLZ4,NSGA3,3276,0.32406939999999906,0.06482671370167
DTLZ4,NSGA3,3367,0.3337304000000003,0.0647029367719104
DTLZ4,NSGA3,3458,0.34338430000000386,0.06327779469647478
DTLZ4,NSGA3,3549,0.35297210000000234,0.062406179314298545
DTLZ4,NSGA3,3640,0.3625145000000032,0.06186028090330301
DTLZ4,NSGA3,3731,0.3722081000000017,0.06150292487322265
DTLZ4,NSGA3,3822,0.3817518000000035,0.06006002737270328
DTLZ4,NSGA3,3913,0.39133950000000084,0.05987936399361876
DTLZ4,NSGA3,4004,0.4009326999999985,0.05949872593952525
DTLZ4,NSGA3,4095,0.41055340000000484,0.05839547383441273
DTLZ4,NSGA3,4186,0.4203444000000047,0.058028451025157156
DTLZ4,NSGA3,4277,0.43054850000000044,0.05859185116143978
DTLZ4,NSGA3,4368,0.4402311000000054,0.057996248817803166
DTLZ4,NSGA3,4459,0.44974540000000474,0.05743961831544826
DTLZ4,NSGA3,4550,0.45935700000000423,0.05712870713028264
DTLZ4,NSGA3,4641,0.46901350000000264,0.05664855938205502
DTLZ4,NSGA3,4732,0.47856810000000394,0.05622196758267675
DTLZ4,NSGA3,4823,0.48847920000000045,0.055899385143378215
DTLZ4,NSGA3,4914,0.4980274999999992,0.05554539997475661
DTLZ4,NSGA3,5005,0.5079728999999986,0.05490168036301757
DTLZ4,NSGA3,5096,0.5176256000000024,0.05461947301553006
DTLZ4,NSGA3,5187,0.5272065999999995,0.05412572902658671
DTLZ4,NSGA3,5278,0.5368157999999994,0.05434666766814824
DTLZ4,NSGA3,5369,0.5464053000000035,0.05416768926233219
DTLZ4,NSGA3,5460,0.5559855999999996,0.053987021133098334
DTLZ4,NSGA3,5551,0.5665322999999987,0.0545384020207876
DTLZ4,NSGA3,5642,0.5761013999999989,0.0541248050103484
DTLZ4,NSGA3,5733,0.5860024999999993,0.05396101121100969
DTLZ4,NSGA3,5824,0.5956345000000027,0.05417956351343734
DTLZ4,NSGA3,5915,0.6051697999999988,0.05402146747935469
DTLZ4,NSGA3,6006,0.6148755000000037,0.05404512514475319
DTLZ4,NSGA3,6097,0.6245632000000043,0.0536572996934825
DTLZ4,NSGA3,6188,0.6342868000000053,0.05333984220748686
DTLZ4,NSGA3,6279,0.6440589000000045,0.05348690759984226
DTLZ4,NSGA3,6370,0.653614300000001,0.053428507037184075
DTLZ4,NSGA3,6461,0.6632117000000051,0.05272799025757897
DTLZ4,NSGA3,6552,0.6729502000000025,0.05283279076438557
DTLZ4,NSGA3,6643,0.6827179000000001,0.05270356589845987
DTLZ4,NSGA3,6734,0.6923546000000016,0.05319156555362434
DTLZ4,NSGA3,6825,0.7022613000000035,0.05249510614161269
DTLZ4,NSGA3,6916,0.7120828000000046,0.0525207471540312
DTLZ4,NSGA3,7007,0.7218502999999998,0.05236133677169126
DTLZ4,NSGA3,7098,0.7314441000000045,0.05215482832956373
DTLZ4,NSGA3,7189,0.7412096999999989,0.05215275338960401
DTLZ4,NSGA3,7280,0.7509285000000006,0.052053320953026935
DTLZ4,NSGA3,7371,0.7605174999999988,0.052129067678015034
DTLZ4,NSGA3,7462,0.7701543000000015,0.051833775536071186
DTLZ4,NSGA3,7553,0.7797405000000026,0.05138487110142265
DTLZ4,NSGA3,7644,0.7897388000000021,0.051446890031586166
DTLZ4,NSGA3,7735,0.7992684000000025,0.05143395065662258
DTLZ4,NSGA3,7826,0.808920300000004,0.05135988999069093
DTLZ4,NSGA3,7917,0.8187053999999989,0.05120359581846585
DTLZ4,NSGA3,8008,0.8284969000000046,0.05126319850044395
DTLZ4,NSGA3,8099,0.8391070999999997,0.051171727584239546
DTLZ4,NSGA3,8190,0.8486960000000039,0.05116510867040464
DTLZ4,NSGA3,8281,0.858198900000005,0.051131639419703924
DTLZ4,NSGA3,8372,0.8678230000000013,0.051098785259103885
DTLZ4,NSGA3,8463,0.8771975000000012,0.05104867119814685
DTLZ4,NSGA3,8554,0.8866587000000052,0.05101956098481707
DTLZ4,NSGA3,8645,0.8961015000000003,0.050868887166896616
DTLZ4,NSGA3,8736,0.905592200000001,0.050813068873970614
DTLZ4,NSGA3,8827,0.9150898000000041,0.05082763092249197
DTLZ4,NSGA3,8918,0.9245921999999993,0.05107484401976454
DTLZ4,NSGA3,9009,0.9340755999999999,0.05074781962301359
DTLZ4,NSGA3,9100,0.9436429000000004,0.05096070357934732
DTLZ4,MOEAD,91,0.0,1.1608794238399072
DTLZ4,MOEAD,182,0.08589930000000123,0.9692595458347484
DTLZ4,MOEAD,273,0.16592119999999966,0.9510360240946443
DTLZ4,MOEAD,364,0.24604579999999743,0.9504849632450778
DTLZ4,MOEAD,455,0.325960699999996,0.9498725742375292
DTLZ4,MOEAD,546,0.4060963999999956,0.9496514948456841
DTLZ4,MOEAD,637,0.48598090000000127,0.949591720084806
DTLZ4,MOEAD,728,0.5658974999999984,0.9495794500551402
DTLZ4,MOEAD,819,0.6454327000000006,0.9495781837797123
DTLZ4,MOEAD,910,0.7253321999999969,0.9494527474347203
DTLZ4,MOEAD,1001,0.8050223999999986,0.9494478754581792
DTLZ4,MOEAD,1092,0.8857405999999983,0.9494466405225964
DTLZ4,MOEAD,1183,0.9656394000000006,0.9494454347458164
DTLZ4,MOEAD,1274,1.0466155999999955,0.9494405715563798
DTLZ4,MOEAD,1365,1.1286628000000007,0.9494386920568173
DTLZ4,MOEAD,1456,1.2096359999999962,0.9494326738690239
DTLZ4,MOEAD,1547,1.290413100000002,0.9494304390934838
DTLZ4,MOEAD,1638,1.3726107999999968,0.9494303745494037
DTLZ4,MOEAD,1729,1.4531404000000023,0.9494258182184175
DTLZ4,MOEAD,1820,1.5337826999999962,0.949425718768822
DTLZ4,MOEAD,1911,1.614169799999999,0.9494256982015815
DTLZ4,MOEAD,2002,1.6953121000000024,0.9494254538927862
DTLZ4,MOEAD,2093,1.7759470999999962,0.9494254538927862
DTLZ4,MOEAD,2184,1.856433899999999,0.9494254538927862
DTLZ4,MOEAD,2275,1.936932200000001,0.9494240436414368
DTLZ4,MOEAD,2366,2.0172732999999994,0.9494240436414368
DTLZ4,MOEAD,2457,2.097740899999998,0.9494240436414368
DTLZ4,MOEAD,2548,2.180312100000002,0.9494240215890047
DTLZ4,MOEAD,2639,2.260885699999996,0.94942376788151
DTLZ4,MOEAD,2730,2.3414714999999973,0.9494237678610861
DTLZ4,MOEAD,2821,2.4224052,0.9494237678610861
DTLZ4,MOEAD,2912,2.503100400000001,0.9494236176356788
DTLZ4,MOEAD,3003,2.583767999999999,0.9494236176108657
DTLZ4,MOEAD,3094,2.6642141999999964,0.9494231069838518
DTLZ4,MOEAD,3185,2.744671799999999,0.9494231069838518
DTLZ4,MOEAD,3276,2.825433799999999,0.9494231069838518
DTLZ4,MOEAD,3367,2.9058662999999996,0.9494231069838518
DTLZ4,MOEAD,3458,2.986062699999998,0.9494231069838518
DTLZ4,MOEAD,3549,3.066176800000001,0.9494226979014416
DTLZ4,MOEAD,3640,3.1460203999999976,0.9494221553754363
DTLZ4,MOEAD,3731,3.2264234999999957,0.9494221553001388
DTLZ4,MOEAD,3822,3.307032999999997,0.9494221552998063
DTLZ4,MOEAD,3913,3.3876373000000015,0.9494221552998063
DTLZ4,MOEAD,4004,3.4680886000000015,0.9494221552998063
DTLZ4,MOEAD,4095,3.548266499999997,0.9494221552998063
DTLZ4,MOEAD,4186,3.6284858,0.9494221552998063
DTLZ4,MOEAD,4277,3.709099000000002,0.9494221552998063
DTLZ4,MOEAD,4368,3.789931699999997,0.9494221552998063
DTLZ4,MOEAD,4459,3.8712122999999963,0.9494221552998063
DTLZ4,MOEAD,4550,3.9504154999999983,0.9494221552998063
DTLZ4,MOEAD,4641,4.0294758,0.9494221552998063
DTLZ4,MOEAD,4732,4.108904500000001,0.9494221552998063
DTLZ4,MOEAD,4823,4.188088999999998,0.9494221552998063
DTLZ4,MOEAD,4914,4.267328899999995,0.9494221552998063
DTLZ4,MOEAD,5005,4.349187499999999,0.9494221552998063
DTLZ4,MOEAD,5096,4.428542800000002,0.9494221552998063
DTLZ4,MOEAD,5187,4.5094323,0.9494221552998063
DTLZ4,MOEAD,5278,4.588884399999998,0.9494221552998063
DTLZ4,MOEAD,5369,4.668688899999999,0.9494221496304739
DTLZ4,MOEAD,5460,4.748188999999996,0.949422149630468
DTLZ4,MOEAD,5551,4.827998999999998,0.949422149630468
DTLZ4,MOEAD,5642,4.909874799999997,0.949422149630468
DTLZ4,MOEAD,5733,4.9916880999999975,0.949422149630468
DTLZ4,MOEAD,5824,5.072209199999996,0.949422149630468
DTLZ4,MOEAD,5915,5.152602099999996,0.949422149630468
DTLZ4,MOEAD,6006,5.2325698,0.949422149630468
DTLZ4,MOEAD,6097,5.3128764,0.949422149630468
DTLZ4,MOEAD,6188,5.393075500000002,0.9494220922685498
DTLZ4,MOEAD,6279,5.473509200000002,0.9494220922685498
DTLZ4,MOEAD,6370,5.553713699999996,0.9494220922685498
DTLZ4,MOEAD,6461,5.633736599999999,0.9494220853735494
DTLZ4,MOEAD,6552,5.7148015,0.9494220853735494
DTLZ4,MOEAD,6643,5.795254999999997,0.9494220853735494
DTLZ4,MOEAD,6734,5.875443400000002,0.9494220853735494
DTLZ4,MOEAD,6825,5.955604799999996,0.9494220853735494
DTLZ4,MOEAD,6916,6.0361607999999976,0.9494220853735494
DTLZ4,MOEAD,7007,6.116582199999996,0.9494220697444916
DTLZ4,MOEAD,7098,6.196624200000002,0.9494220412246785
DTLZ4,MOEAD,7189,6.276960500000001,0.9494220397174835
DTLZ4,MOEAD,7280,6.357573600000002,0.9494220396241196
DTLZ4,MOEAD,7371,6.437669700000001,0.9494220396241196
DTLZ4,MOEAD,7462,6.517478499999996,0.9494220396241196
DTLZ4,MOEAD,7553,6.5983284,0.9494220396241196
DTLZ4,MOEAD,7644,6.677554100000002,0.9494220396241196
DTLZ4,MOEAD,7735,6.7566956000000005,0.9494220396241196
DTLZ4,MOEAD,7826,6.835872500000001,0.9494220396241196
DTLZ4,MOEAD,7917,6.915718200000001,0.9494220396241196
DTLZ4,MOEAD,8008,6.995338699999998,0.9494220396241196
DTLZ4,MOEAD,8099,7.074478299999996,0.9494220396241196
DTLZ4,MOEAD,8190,7.153776899999997,0.9494220131909202
DTLZ4,MOEAD,8281,7.2352566,0.9494220092880079
DTLZ4,MOEAD,8372,7.316088000000001,0.9494220092880079
DTLZ4,MOEAD,8463,7.396937600000001,0.9494220092880079
DTLZ4,MOEAD,8554,7.476360399999997,0.9494220092880079
DTLZ4,MOEAD,8645,7.555919899999999,0.9494220092880079
DTLZ4,MOEAD,8736,7.635925999999998,0.9494220092880079
DTLZ4,MOEAD,8827,7.715235800000002,0.9494220092880079
DTLZ4,MOEAD,8918,7.794577199999999,0.9494220092880079
DTLZ4,MOEAD,9009,7.874029299999997,0.9494220092880079
DTLZ4,MOEAD,9100,7.953477499999998,0.9494220092880079
DTLZ5,NSGA2,91,0.0,0.3783626404496028
DTLZ5,NSGA2,182,0.009145599999996534,0.3561914148015068
DTLZ5,NSGA2,273,0.019260799999997857,0.3212706700140166
DTLZ5,NSGA2,364,0.02770840000000163,0.2335672327266915
DTLZ5,NSGA2,455,0.0371208999999979,0.18979126870464397
DTLZ5,NSGA2,546,0.04393749999999841,0.18597084816987403
DTLZ5,NSGA2,637,0.052366499999997984,0.15342644759974114
DTLZ5,NSGA2,728,0.06014940000000024,0.14610637429840326
DTLZ5,NSGA2,819,0.06841229999999854,0.12588718682855693
DTLZ5,NSGA2,910,0.07621929999999821,0.10253638057529249
DTLZ5,NSGA2,1001,0.08471500000000276,0.09496789557371749
DTLZ5,NSGA2,1092,0.09271859999999776,0.09114594722518353
DTLZ5,NSGA2,1183,0.10196390000000122,0.0771182635824327
DTLZ5,NSGA2,1274,0.10986280000000193,0.06923904279567712
DTLZ5,NSGA2,1365,0.11799750000000131,0.05735074516329361
DTLZ5,NSGA2,1456,0.1267751999999973,0.04812466862744776
DTLZ5,NSGA2,1547,0.1338727999999989,0.04150834373378604
DTLZ5,NSGA2,1638,0.1417463000000012,0.042100739140933624
DTLZ5,NSGA2,1729,0.14947930000000298,0.038455434129353934
DTLZ5,NSGA2,1820,0.15735219999999828,0.03476567575592812
DTLZ5,NSGA2,1911,0.1652906999999999,0.031596784576379815
DTLZ5,NSGA2,2002,0.17305789999999632,0.030731566109285957
DTLZ5,NSGA2,2093,0.18194239999999695,0.028326232833019042
DTLZ5,NSGA2,2184,0.1888424999999998,0.02507707575782598
DTLZ5,NSGA2,2275,0.19663280000000327,0.021048584801657246
DTLZ5,NSGA2,2366,0.20458930000000208,0.01994944322670346
DTLZ5,NSGA2,2457,0.21260949999999923,0.018721830512029986
DTLZ5,NSGA2,2548,0.22060179999999718,0.017294872936972818
DTLZ5,NSGA2,2639,0.22950699999999813,0.016474088794212027
DTLZ5,NSGA2,2730,0.23724469999999798,0.014178170965498832
DTLZ5,NSGA2,2821,0.24535620000000335,0.013505152866739104
DTLZ5,NSGA2,2912,0.25222269999999725,0.013096161204161391
DTLZ5,NSGA2,3003,0.26105869999999953,0.012684545207448846
DTLZ5,NSGA2,3094,0.26897979999999677,0.012671386937240639
DTLZ5,NSGA2,3185,0.2769100000000009,0.012691205123248471
DTLZ5,NSGA2,3276,0.28570270000000164,0.012412617793582163
DTLZ5,NSGA2,3367,0.2936349000000007,0.012038776002697987
DTLZ5,NSGA2,3458,0.3014253999999994,0.011462443828702233
DTLZ5,NSGA2,3549,0.3092548999999991,0.0111101456834234
DTLZ5,NSGA2,3640,0.3161163999999985,0.01093501308966925
DTLZ5,NSGA2,3731,0.324077299999999,0.010533111967570938
DTLZ5,NSGA2,3822,0.3309859000000017,0.009946718441186352
DTLZ5,NSGA2,3913,0.3392130000000009,0.009958251888002978
DTLZ5,NSGA2,4004,0.34610829999999737,0.009647995616014874
DTLZ5,NSGA2,4095,0.3540935999999988,0.009529261342168801
DTLZ5,NSGA2,4186,0.36205089999999984,0.00972781138525595
DTLZ5,NSGA2,4277,0.3701725999999965,0.008950117576105504
DTLZ5,NSGA2,4368,0.37710369999999926,0.009335807645656514
DTLZ5,NSGA2,4459,0.38515139999999803,0.01006268550928133
DTLZ5,NSGA2,4550,0.3930866999999978,0.009867676560347887
DTLZ5,NSGA2,4641,0.40123940000000147,0.00919973611128352
DTLZ5,NSGA2,4732,0.4092227000000008,0.008774934989138977
DTLZ5,NSGA2,4823,0.416084699999999,0.008728694925506606
DTLZ5,NSGA2,4914,0.42410979999999654,0.008965265148877629
DTLZ5,NSGA2,5005,0.43219239999999814,0.008961182871102025
DTLZ5,NSGA2,5096,0.4412583000000012,0.009205672311680787
DTLZ5,NSGA2,5187,0.44921810000000306,0.00922437070990099
DTLZ5,NSGA2,5278,0.4581725999999975,0.008793850883576421
DTLZ5,NSGA2,5369,0.4652296000000007,0.008992433170799851
DTLZ5,NSGA2,5460,0.47325620000000157,0.008325480242154265
DTLZ5,NSGA2,5551,0.481145699999999,0.007458628404484086
DTLZ5,NSGA2,5642,0.4880898999999985,0.007429003033315231
DTLZ5,NSGA2,5733,0.4960564000000005,0.007824674883566052
DTLZ5,NSGA2,5824,0.5040322999999987,0.007662233384796237
DTLZ5,NSGA2,5915,0.5120705000000001,0.007871939286038831
DTLZ5,NSGA2,6006,0.5199969000000024,0.008533410709033832
DTLZ5,NSGA2,6097,0.5278215000000017,0.008259435550255717
DTLZ5,NSGA2,6188,0.534823099999997,0.00831480666199743
DTLZ5,NSGA2,6279,0.5427776000000009,0.008034937951355554
DTLZ5,NSGA2,6370,0.5497494000000032,0.008157227053776679
DTLZ5,NSGA2,6461,0.557387300000002,0.008172342332135063
DTLZ5,NSGA2,6552,0.5658574999999999,0.008246641519832945
DTLZ5,NSGA2,6643,0.5739532999999994,0.00859874961316636
DTLZ5,NSGA2,6734,0.5818677999999977,0.008161546086787432
DTLZ5,NSGA2,6825,0.5897173999999978,0.00816968447745199
DTLZ5,NSGA2,6916,0.5975915,0.008437997477578575
DTLZ5,NSGA2,7007,0.6054717000000025,0.008159428282576434
DTLZ5,NSGA2,7098,0.6131304999999969,0.008282767966297169
DTLZ5,NSGA2,7189,0.6211514000000022,0.007780326534175894
DTLZ5,NSGA2,7280,0.6288326999999967,0.007737726001131374
DTLZ5,NSGA2,7371,0.6367711999999983,0.007668027162784975
DTLZ5,NSGA2,7462,0.6448170999999974,0.00856088699466603
DTLZ5,NSGA2,7553,0.6528939000000022,0.007984187042702096
DTLZ5,NSGA2,7644,0.6608319999999992,0.007806079698280592
DTLZ5,NSGA2,7735,0.668735599999998,0.007751303530744807
DTLZ5,NSGA2,7826,0.6772294000000016,0.007285175842310074
DTLZ5,NSGA2,7917,0.6851040999999967,0.007792755964567637
DTLZ5,NSGA2,8008,0.6918831999999995,0.007585161308893126
DTLZ5,NSGA2,8099,0.7000261999999964,0.007919631378389
DTLZ5,NSGA2,8190,0.7090893999999963,0.008226320806918362
DTLZ5,NSGA2,8281,0.7168992000000003,0.008447306289660448
DTLZ5,NSGA2,8372,0.7246875000000017,0.007479347243980864
DTLZ5,NSGA2,8463,0.7325079000000017,0.007950183906746686
DTLZ5,NSGA2,8554,0.7394338000000005,0.007243385661090755
DTLZ5,NSGA2,8645,0.7463617000000013,0.007351928340437551
DTLZ5,NSGA2,8736,0.7554190999999975,0.006848637886924475
DTLZ5,NSGA2,8827,0.7635951000000034,0.007286290259298841
DTLZ5,NSGA2,8918,0.7716080000000005,0.007747933452765009
DTLZ5,NSGA2,9009,0.7785426000000015,0.007711021660660899
DTLZ5,NSGA2,9100,0.7876030999999983,0.007558403693779755
DTLZ5,NSGA3,91,0.0,0.52099982103476
DTLZ5,NSGA3,182,0.009691700000004744,0.6056555602604379
DTLZ5,NSGA3,273,0.01844040000000291,0.4042623586777617
DTLZ5,NSGA3,364,0.028036900000003584,0.41519204853839575
DTLZ5,NSGA3,455,0.03666220000000209,0.5710811294749153
DTLZ5,NSGA3,546,0.04580270000000297,0.29535622178326054
DTLZ5,NSGA3,637,0.054576500000003136,0.28697642719127514
DTLZ5,NSGA3,728,0.06319570000000141,0.3524679249250065
DTLZ5,NSGA3,819,0.07329920000000101,0.34046985120993345
DTLZ5,NSGA3,910,0.08175150000000286,0.3935147362246178
DTLZ5,NSGA3,1001,0.09039330000000234,0.3931322628673734
DTLZ5,NSGA3,1092,0.09872860000000117,0.16880708852119608
DTLZ5,NSGA3,1183,0.10742670000000487,0.2318918101107797
DTLZ5,NSGA3,1274,0.11573150000000254,0.27096046641842475
DTLZ5,NSGA3,1365,0.12438269999999818,0.2534899805220481
DTLZ5,NSGA3,1456,0.13287770000000165,0.19452392012296363
DTLZ5,NSGA3,1547,0.14126140000000476,0.1955931265937393
DTLZ5,NSGA3,1638,0.14903259999999818,0.11885602830771336
DTLZ5,NSGA3,1729,0.15796430000000328,0.07015920357644166
DTLZ5,NSGA3,1820,0.16692570000000018,0.07413951399594701
DTLZ5,NSGA3,1911,0.17588119999999918,0.06042027885820141
DTLZ5,NSGA3,2002,0.1851161000000019,0.05990049808347265
DTLZ5,NSGA3,2093,0.19401100000000326,0.059137298688935996
DTLZ5,NSGA3,2184,0.20302860000000322,0.0610477827390551
DTLZ5,NSGA3,2275,0.2118408000000045,0.06111309623739177
DTLZ5,NSGA3,2366,0.22088760000000462,0.05807976381119821
DTLZ5,NSGA3,2457,0.2300371000000041,0.05541800757483849
DTLZ5,NSGA3,2548,0.23911730000000375,0.055152191541586446
DTLZ5,NSGA3,2639,0.24806350000000066,0.05439703160484829
DTLZ5,NSGA3,2730,0.25704170000000204,0.05356954264796037
DTLZ5,NSGA3,2821,0.26591330000000113,0.05893266478678041
DTLZ5,NSGA3,2912,0.27494000000000085,0.060958435764863095
DTLZ5,NSGA3,3003,0.2839203999999995,0.05992450009808647
DTLZ5,NSGA3,3094,0.2927394000000021,0.054105241087194354
DTLZ5,NSGA3,3185,0.3019845000000032,0.05401260056494137
DTLZ5,NSGA3,3276,0.3110809000000003,0.050905617211022255
DTLZ5,NSGA3,3367,0.3198763999999983,0.05011891017619246
DTLZ5,NSGA3,3458,0.3288112000000041,0.04985227991195517
DTLZ5,NSGA3,3549,0.3378615000000025,0.05424098807551414
DTLZ5,NSGA3,3640,0.34681770000000256,0.04873450986907724
DTLZ5,NSGA3,3731,0.35571690000000444,0.051091130222945806
DTLZ5,NSGA3,3822,0.3645576999999989,0.05115090005506088
DTLZ5,NSGA3,3913,0.373603199999998,0.05088320917822195
DTLZ5,NSGA3,4004,0.3824122999999986,0.05080235158872368
DTLZ5,NSGA3,4095,0.39143680000000103,0.05040433144273001
DTLZ5,NSGA3,4186,0.400285199999999,0.050004881907580706
DTLZ5,NSGA3,4277,0.409306100000002,0.05071451207136119
DTLZ5,NSGA3,4368,0.41945350000000303,0.05062439487355248
DTLZ5,NSGA3,4459,0.4293659000000005,0.05045462544806131
DTLZ5,NSGA3,4550,0.4383365999999995,0.050258269948521284
DTLZ5,NSGA3,4641,0.4472116000000028,0.044218220670364766
DTLZ5,NSGA3,4732,0.45616550000000444,0.043954355353205465
DTLZ5,NSGA3,4823,0.46515390000000423,0.0414414526739145
DTLZ5,NSGA3,4914,0.4749896000000007,0.04095630044941367
DTLZ5,NSGA3,5005,0.48405120000000323,0.04089387965489105
DTLZ5,NSGA3,5096,0.49296790000000357,0.0425458803070989
DTLZ5,NSGA3,5187,0.5019430000000042,0.042988091541697235
DTLZ5,NSGA3,5278,0.5109905999999995,0.04297966529148598
DTLZ5,NSGA3,5369,0.5198625000000021,0.04291944092127972
DTLZ5,NSGA3,5460,0.5288484000000011,0.04289717692830236
DTLZ5,NSGA3,5551,0.5377261000000004,0.04255183823578789
DTLZ5,NSGA3,5642,0.5466309999999979,0.04247734310478868
DTLZ5,NSGA3,5733,0.5553825000000003,0.04243679249131408
DTLZ5,NSGA3,5824,0.5644525000000016,0.042345049662139415
DTLZ5,NSGA3,5915,0.5733616999999995,0.043228069106955404
DTLZ5,NSGA3,6006,0.5823486000000031,0.043231251846377695
DTLZ5,NSGA3,6097,0.5912700000000015,0.04334046154577637
DTLZ5,NSGA3,6188,0.6002228999999986,0.0431173724949342
DTLZ5,NSGA3,6279,0.6090591000000032,0.04260170886103951
DTLZ5,NSGA3,6370,0.6180994999999996,0.04254173760099017
DTLZ5,NSGA3,6461,0.6271575000000027,0.042638392581911405
DTLZ5,NSGA3,6552,0.636029200000003,0.04273565383402729
DTLZ5,NSGA3,6643,0.6450688999999983,0.04225732104450271
DTLZ5,NSGA3,6734,0.6539566000000008,0.04270816823249544
DTLZ5,NSGA3,6825,0.6630333000000022,0.04251292080926913
DTLZ5,NSGA3,6916,0.6719452000000032,0.042497672497073355
DTLZ5,NSGA3,7007,0.6809106999999983,0.04259717023271522
DTLZ5,NSGA3,7098,0.6899699000000012,0.04256073859612474
DTLZ5,NSGA3,7189,0.6987981000000048,0.04255119937020259
DTLZ5,NSGA3,7280,0.7077740000000006,0.04251141181049916
DTLZ5,NSGA3,7371,0.716701300000004,0.04257161778296745
DTLZ5,NSGA3,7462,0.7256663000000003,0.042606694433142286
DTLZ5,NSGA3,7553,0.7346906000000004,0.042601147170234895
DTLZ5,NSGA3,7644,0.7436103000000003,0.04258641195989574
DTLZ5,NSGA3,7735,0.7526992000000021,0.04257271871640588
DTLZ5,NSGA3,7826,0.7615349000000009,0.04235237288019872
DTLZ5,NSGA3,7917,0.7708019000000021,0.04234889714158615
DTLZ5,NSGA3,8008,0.7797877,0.04237526397453264
DTLZ5,NSGA3,8099,0.7887358999999989,0.042008377245114116
DTLZ5,NSGA3,8190,0.7977585000000005,0.04224129477739639
DTLZ5,NSGA3,8281,0.8066710000000015,0.04221096636893168
DTLZ5,NSGA3,8372,0.8156877999999992,0.04222533567280082
DTLZ5,NSGA3,8463,0.8246244999999988,0.04222533567280082
DTLZ5,NSGA3,8554,0.8335586000000035,0.04239639196057265
DTLZ5,NSGA3,8645,0.8424687000000048,0.04242372813740869
DTLZ5,NSGA3,8736,0.8514632000000049,0.04236734921917985
DTLZ5,NSGA3,8827,0.8602816000000004,0.042335693784929886
DTLZ5,NSGA3,8918,0.8692883000000009,0.04234005441626561
DTLZ5,NSGA3,9009,0.8793414000000013,0.04234005441626561
DTLZ5,NSGA3,9100,0.8884828999999996,0.04252572403034135
DTLZ5,MOEAD,91,0.0,0.5150350965522978
DTLZ5,MOEAD,182,0.08834569999999786,0.2569743849257705
DTLZ5,MOEAD,273,0.17188070000000266,0.19753875620543718
DTLZ5,MOEAD,364,0.25484209999999763,0.1786735406614289
DTLZ5,MOEAD,455,0.337805000000003,0.1668276303516823
DTLZ5,MOEAD,546,0.4213142999999988,0.15039527104964237
DTLZ5,MOEAD,637,0.5041501000000039,0.14732439678744785
DTLZ5,MOEAD,728,0.5871011999999993,0.13511873480594905
DTLZ5,MOEAD,819,0.6707535999999976,0.10840492667303718
DTLZ5,MOEAD,910,0.7553845999999993,0.09231694135113722
DTLZ5,MOEAD,1001,0.8385567999999992,0.08275985625445606
DTLZ5,MOEAD,1092,0.921286000000002,0.08544834669652991
DTLZ5,MOEAD,1183,1.0044224000000028,0.08035049885626422
DTLZ5,MOEAD,1274,1.0885318999999996,0.07824067415956618
DTLZ5,MOEAD,1365,1.1720986999999994,0.07289550899097258
DTLZ5,MOEAD,1456,1.2559736999999984,0.07045943948142573
DTLZ5,MOEAD,1547,1.339845000000004,0.0670687232122724
DTLZ5,MOEAD,1638,1.4235644999999977,0.06401382698610794
DTLZ5,MOEAD,1729,1.5070161000000013,0.0627987022543413
DTLZ5,MOEAD,1820,1.5909085999999988,0.06009642467265347
DTLZ5,MOEAD,1911,1.6822721999999999,0.057411428178348156
DTLZ5,MOEAD,2002,1.7776278999999988,0.05739614364939127
DTLZ5,MOEAD,2093,1.875307300000003,0.052517113416024414
DTLZ5,MOEAD,2184,1.9598020000000034,0.05233941000665896
DTLZ5,MOEAD,2275,2.0430132000000043,0.050243764149271834
DTLZ5,MOEAD,2366,2.1260622,0.048950265087486726
DTLZ5,MOEAD,2457,2.2093418000000042,0.05099937392065737
DTLZ5,MOEAD,2548,2.2922836999999987,0.049331919559676876
DTLZ5,MOEAD,2639,2.377675400000001,0.04735229281414411
DTLZ5,MOEAD,2730,2.4606522999999996,0.04802463264128938
DTLZ5,MOEAD,2821,2.544917699999999,0.047806444049192244
DTLZ5,MOEAD,2912,2.6283049000000034,0.04803692861847188
DTLZ5,MOEAD,3003,2.711788300000002,0.046970321161966776
DTLZ5,MOEAD,3094,2.795201900000002,0.04604745112750254
DTLZ5,MOEAD,3185,2.879375600000003,0.045733617992397134
DTLZ5,MOEAD,3276,2.9643556000000046,0.044284843521309424
DTLZ5,MOEAD,3367,3.047341799999998,0.04358141706287563
DTLZ5,MOEAD,3458,3.1302804000000037,0.042227592149464775
DTLZ5,MOEAD,3549,3.2134924,0.04375162131580373
DTLZ5,MOEAD,3640,3.2968576000000027,0.040913000904332676
DTLZ5,MOEAD,3731,3.3799305000000004,0.04245722763777346
DTLZ5,MOEAD,3822,3.4637095,0.04229819947638562
DTLZ5,MOEAD,3913,3.546936500000001,0.04199072696352731
DTLZ5,MOEAD,4004,3.6302809000000025,0.04176194189546221
DTLZ5,MOEAD,4095,3.7139951999999994,0.04189430109392078
DTLZ5,MOEAD,4186,3.7970777000000027,0.040532906058628554
DTLZ5,MOEAD,4277,3.880167,0.04061426287914636
DTLZ5,MOEAD,4368,3.963836800000003,0.040072875057995984
DTLZ5,MOEAD,4459,4.047034199999999,0.04101816033166422
DTLZ5,MOEAD,4550,4.130231200000004,0.041002805190251665
DTLZ5,MOEAD,4641,4.213635099999998,0.041405462081273096
DTLZ5,MOEAD,4732,4.297007100000002,0.04108088610335572
DTLZ5,MOEAD,4823,4.380281700000005,0.04110573302340439
DTLZ5,MOEAD,4914,4.4631598,0.04108728647674461
DTLZ5,MOEAD,5005,4.5488056000000014,0.0411687748934244
DTLZ5,MOEAD,5096,4.633922400000003,0.04113356039496257
DTLZ5,MOEAD,5187,4.724501199999999,0.041393981150268135
DTLZ5,MOEAD,5278,4.815497399999998,0.04124654215801307
DTLZ5,MOEAD,5369,4.904635599999999,0.040570557274124036
DTLZ5,MOEAD,5460,4.991346700000001,0.04017130983868726
DTLZ5,MOEAD,5551,5.077547799999998,0.04023674283598476
DTLZ5,MOEAD,5642,5.164313100000001,0.04058515111765575
DTLZ5,MOEAD,5733,5.251931900000002,0.040567194870885025
DTLZ5,MOEAD,5824,5.338516400000003,0.04034915561069815
DTLZ5,MOEAD,5915,5.422336200000004,0.04007663317279087
DTLZ5,MOEAD,6006,5.506028999999998,0.040074898580912545
DTLZ5,MOEAD,6097,5.589090200000001,0.040295811770619014
DTLZ5,MOEAD,6188,5.6723195,0.039931297504330616
DTLZ5,MOEAD,6279,5.756628499999998,0.040305146479121555
DTLZ5,MOEAD,6370,5.842835900000004,0.04067045028136904
DTLZ5,MOEAD,6461,5.930253300000004,0.0409698703805182
DTLZ5,MOEAD,6552,6.0398071999999985,0.04095785379717158
DTLZ5,MOEAD,6643,6.130114800000001,0.04095732780705102
DTLZ5,MOEAD,6734,6.217363599999999,0.04086850291188437
DTLZ5,MOEAD,6825,6.306842400000001,0.04078985978759121
DTLZ5,MOEAD,6916,6.394839000000005,0.040907824772371246
DTLZ5,MOEAD,7007,6.481133200000002,0.04068317383790749
DTLZ5,MOEAD,7098,6.566688900000003,0.04069971193256348
DTLZ5,MOEAD,7189,6.652352700000002,0.040743600374185035
DTLZ5,MOEAD,7280,6.738357499999999,0.04036466118292164
DTLZ5,MOEAD,7371,6.822330000000001,0.040187007832610214
DTLZ5,MOEAD,7462,6.907633400000002,0.04025709109078724
DTLZ5,MOEAD,7553,6.9937982000000005,0.0402951302772216
DTLZ5,MOEAD,7644,7.082616800000004,0.04031825713062625
DTLZ5,MOEAD,7735,7.172724800000005,0.04002675274052983
DTLZ5,MOEAD,7826,7.266237400000001,0.04018571921923115
DTLZ5,MOEAD,7917,7.360951200000002,0.04033765310404578
DTLZ5,MOEAD,8008,7.452750700000003,0.04056667641355124
DTLZ5,MOEAD,8099,7.5434026,0.040476634294296425
DTLZ5,MOEAD,8190,7.634309200000004,0.040337816710410423
DTLZ5,MOEAD,8281,7.7252658000000025,0.040493234657249154
DTLZ5,MOEAD,8372,7.8142529,0.04078630901723199
DTLZ5,MOEAD,8463,7.900831699999998,0.04057111931192524
DTLZ5,MOEAD,8554,7.988721099999999,0.040670926970084266
DTLZ5,MOEAD,8645,8.084784300000003,0.04070159366870933
DTLZ5,MOEAD,8736,8.170014100000003,0.040595449338825355
DTLZ5,MOEAD,8827,8.260770200000003,0.04057429103382009
DTLZ5,MOEAD,8918,8.350222100000003,0.04069620731983464
DTLZ5,MOEAD,9009,8.4355805,0.04072230901920179
DTLZ5,MOEAD,9100,8.520363000000003,0.040717589076960437
DTLZ6,NSGA2,91,0.0,7.3570464452412985
DTLZ6,NSGA2,182,0.008840000000006398,7.009054833347109
DTLZ6,NSGA2,273,0.016479400000001476,7.009054833347109
DTLZ6,NSGA2,364,0.024675300000005507,7.008468573314702
DTLZ6,NSGA2,455,0.033532100000002174,6.7624811212982765
DTLZ6,NSGA2,546,0.041606000000001586,6.7624811212982765
DTLZ6,NSGA2,637,0.050994300000006376,6.442331635335755
DTLZ6,NSGA2,728,0.058956500000000744,6.442331635335755
DTLZ6,NSGA2,819,0.06649550000000204,6.167082783453474
DTLZ6,NSGA2,910,0.07451209999999975,6.167082783453474
DTLZ6,NSGA2,1001,0.08272529999999989,6.165018133057375
DTLZ6,NSGA2,1092,0.09038440000000492,6.0752258802282855
DTLZ6,NSGA2,1183,0.09834350000000569,6.0752258802282855
DTLZ6,NSGA2,1274,0.10618940000000521,6.057489907871361
DTLZ6,NSGA2,1365,0.11313060000000519,5.752939182198931
DTLZ6,NSGA2,1456,0.12209480000000639,5.752939182198931
DTLZ6,NSGA2,1547,0.13017440000000136,5.752928522156298
DTLZ6,NSGA2,1638,0.13796210000000286,5.5617479840395365
DTLZ6,NSGA2,1729,0.14585060000000283,5.560622403843426
DTLZ6,NSGA2,1820,0.15373060000000294,5.540972444631587
DTLZ6,NSGA2,1911,0.16165760000000517,5.450784346569592
DTLZ6,NSGA2,2002,0.169510300000006,5.256629145884794
DTLZ6,NSGA2,2093,0.17736020000000252,5.16714333740507
DTLZ6,NSGA2,2184,0.18514660000000305,5.124608826532163
DTLZ6,NSGA2,2275,0.1934725000000057,5.001470267699621
DTLZ6,NSGA2,2366,0.201495400000006,4.989148572858985
DTLZ6,NSGA2,2457,0.20967070000000376,4.8657540311204475
DTLZ6,NSGA2,2548,0.21823970000000514,4.825175920475838
DTLZ6,NSGA2,2639,0.22656660000000528,4.822956691114272
DTLZ6,NSGA2,2730,0.23575400000000002,4.809190507863874
DTLZ6,NSGA2,2821,0.2443173999999999,4.814178441462235
DTLZ6,NSGA2,2912,0.25253560000000164,4.767683250009159
DTLZ6,NSGA2,3003,0.26135950000000463,4.686232621592073
DTLZ6,NSGA2,3094,0.26994850000000525,4.650910952164569
DTLZ6,NSGA2,3185,0.2788323000000048,4.650910952164569
DTLZ6,NSGA2,3276,0.2875803000000019,4.661828842162877
DTLZ6,NSGA2,3367,0.29552920000000427,4.653358502964384
DTLZ6,NSGA2,3458,0.30307160000000266,4.243997514899791
DTLZ6,NSGA2,3549,0.31091880000000316,4.113846670150891
DTLZ6,NSGA2,3640,0.3186317000000045,4.060318412507432
DTLZ6,NSGA2,3731,0.32552070000000555,4.009837316364905
DTLZ6,NSGA2,3822,0.33346480000000156,3.900928914508176
DTLZ6,NSGA2,3913,0.3415869000000029,3.8829851926152656
DTLZ6,NSGA2,4004,0.3497929000000042,3.8416451190000225
DTLZ6,NSGA2,4095,0.35766380000000453,3.8416451190000225
DTLZ6,NSGA2,4186,0.36548580000000186,3.84042140250561
DTLZ6,NSGA2,4277,0.37326680000000323,3.81389588148418
DTLZ6,NSGA2,4368,0.38168230000000136,3.634952443217573
DTLZ6,NSGA2,4459,0.38860120000000364,3.5323228191497726
DTLZ6,NSGA2,4550,0.3962078000000062,3.5229431736134775
DTLZ6,NSGA2,4641,0.40417200000000264,3.3764040155414943
DTLZ6,NSGA2,4732,0.4122402000000065,3.307987557156103
DTLZ6,NSGA2,4823,0.42025910000000266,3.2484694580447186
DTLZ6,NSGA2,4914,0.42862760000000577,3.282192655001295
DTLZ6,NSGA2,5005,0.4364865000000009,3.228788889063847
DTLZ6,NSGA2,5096,0.4442491000000004,3.161607934701194
DTLZ6,NSGA2,5187,0.4520034000000024,3.1085572988583174
DTLZ6,NSGA2,5278,0.45994120000000294,3.1078066034766327
DTLZ6,NSGA2,5369,0.46770220000000506,3.1062389034920472
DTLZ6,NSGA2,5460,0.4755257999999998,3.0289290416731145
DTLZ6,NSGA2,5551,0.48359710000000433,3.0095105163590614
DTLZ6,NSGA2,5642,0.4913896000000051,2.9941078055423467
DTLZ6,NSGA2,5733,0.49916260000000534,2.9779805052369945
DTLZ6,NSGA2,5824,0.5080446000000052,2.9762051082349315
DTLZ6,NSGA2,5915,0.5159897999999998,2.971352933226262
DTLZ6,NSGA2,6006,0.5238451000000026,2.971352933226262
DTLZ6,NSGA2,6097,0.5317849000000052,2.9672785507895596
DTLZ6,NSGA2,6188,0.5397745,3.009707917417809
DTLZ6,NSGA2,6279,0.547606100000003,2.9827844318885925
DTLZ6,NSGA2,6370,0.5555465000000055,2.875458961473021
DTLZ6,NSGA2,6461,0.5634257000000034,2.842367409704353
DTLZ6,NSGA2,6552,0.5713793000000038,2.7309671594396487
DTLZ6,NSGA2,6643,0.5789839000000043,2.7204650263631565
DTLZ6,NSGA2,6734,0.5867864000000012,2.7089627133883987
DTLZ6,NSGA2,6825,0.5947620000000029,2.7088018962391547
DTLZ6,NSGA2,6916,0.6026185999999996,2.6869682913392943
DTLZ6,NSGA2,7007,0.6107166000000035,2.68448855529317
DTLZ6,NSGA2,7098,0.6190037000000004,2.6710324114229067
DTLZ6,NSGA2,7189,0.6269931,2.6113999119685634
DTLZ6,NSGA2,7280,0.6350809999999996,2.6113999119685634
DTLZ6,NSGA2,7371,0.6429635000000005,2.598349429055827
DTLZ6,NSGA2,7462,0.6509659000000028,2.5603263504695253
DTLZ6,NSGA2,7553,0.6587728000000013,2.5580061994738985
DTLZ6,NSGA2,7644,0.6668583000000012,2.4735751862168707
DTLZ6,NSGA2,7735,0.673653200000004,2.4500735935418443
DTLZ6,NSGA2,7826,0.6817178000000013,2.4313040456932593
DTLZ6,NSGA2,7917,0.689367500000003,2.4257991865762887
DTLZ6,NSGA2,8008,0.6972958000000062,2.4250237283474143
DTLZ6,NSGA2,8099,0.7054833000000045,2.3178654746705636
DTLZ6,NSGA2,8190,0.7137048000000021,2.212983318944021
DTLZ6,NSGA2,8281,0.7216530000000034,2.212983318944021
DTLZ6,NSGA2,8372,0.7296368000000015,2.158771641807638
DTLZ6,NSGA2,8463,0.7378293000000014,2.1383936844235625
DTLZ6,NSGA2,8554,0.7462267000000011,2.1383936844235625
DTLZ6,NSGA2,8645,0.7545515000000051,2.123943886757057
DTLZ6,NSGA2,8736,0.7628606000000033,2.0887734950854617
DTLZ6,NSGA2,8827,0.7711417000000012,2.1161752467677704
DTLZ6,NSGA2,8918,0.7803779000000048,2.0871972580597276
DTLZ6,NSGA2,9009,0.7875913000000025,2.0871972580597276
DTLZ6,NSGA2,9100,0.7958525000000023,2.0685479846217008
DTLZ6,NSGA3,91,0.0,7.3570464452412985
DTLZ6,NSGA3,182,0.008284499999994921,7.3570464452412985
DTLZ6,NSGA3,273,0.017973200000000134,7.40066716740812
DTLZ6,NSGA3,364,0.02757129999999819,7.436034998246185
DTLZ6,NSGA3,455,0.03742039999999491,7.176693165282145
DTLZ6,NSGA3,546,0.04654949999999758,7.08450335068869
DTLZ6,NSGA3,637,0.05626569999999731,6.763398153015749
DTLZ6,NSGA3,728,0.0651942999999946,6.647438948245328
DTLZ6,NSGA3,819,0.0746475999999987,6.2975649502338475
DTLZ6,NSGA3,910,0.08414309999999858,6.2975649502338475
DTLZ6,NSGA3,1001,0.09334229999999621,6.027017540417098
DTLZ6,NSGA3,1092,0.10236729999999739,6.027017540417098
DTLZ6,NSGA3,1183,0.1112409999999997,6.030014499460315
DTLZ6,NSGA3,1274,0.1200654999999955,5.763188810189015
DTLZ6,NSGA3,1365,0.12907589999999658,5.632837828923423
DTLZ6,NSGA3,1456,0.13788439999999724,5.553040131187842
DTLZ6,NSGA3,1547,0.1469152999999963,5.4324482108253065
DTLZ6,NSGA3,1638,0.15592049999999347,5.273943479033924
DTLZ6,NSGA3,1729,0.16476179999999374,5.1992174136124225
DTLZ6,NSGA3,1820,0.17391079999999448,5.2121293499408505
DTLZ6,NSGA3,1911,0.18290599999999557,5.2121293499408505
DTLZ6,NSGA3,2002,0.1919038999999998,5.123387531938484
DTLZ6,NSGA3,2093,0.20106749999999352,5.092088429052567
DTLZ6,NSGA3,2184,0.21002329999999603,5.090293248720985
DTLZ6,NSGA3,2275,0.21901189999999815,4.959005635844975
DTLZ6,NSGA3,2366,0.22800729999999447,4.874821626310301
DTLZ6,NSGA3,2457,0.23701779999999673,4.8423761767160975
DTLZ6,NSGA3,2548,0.24589709999999343,4.826312337509271
DTLZ6,NSGA3,2639,0.25499289999999775,4.826312337509271
DTLZ6,NSGA3,2730,0.2638014999999996,4.653958811483838
DTLZ6,NSGA3,2821,0.27266759999999834,4.603985873123371
DTLZ6,NSGA3,2912,0.28160419999999675,4.5959136471966415
DTLZ6,NSGA3,3003,0.2905400999999941,4.274655587456093
DTLZ6,NSGA3,3094,0.29935540000000316,4.274655587456093
DTLZ6,NSGA3,3185,0.30825370000000163,4.118337111426719
DTLZ6,NSGA3,3276,0.3172272999999919,3.9122557807575875
DTLZ6,NSGA3,3367,0.3261142999999933,4.333798390986194
DTLZ6,NSGA3,3458,0.3359780999999984,3.7893214882850996
DTLZ6,NSGA3,3549,0.3458120999999963,3.9280629948411505
DTLZ6,NSGA3,3640,0.35481200000000257,3.897231639458338
DTLZ6,NSGA3,3731,0.3638247999999962,3.794640165914974
DTLZ6,NSGA3,3822,0.37279029999999835,3.7946284957897207
DTLZ6,NSGA3,3913,0.38174020000000297,3.766972696853369
DTLZ6,NSGA3,4004,0.39067959999999147,3.667875639216246
DTLZ6,NSGA3,4095,0.39966709999999495,3.667875639216246
DTLZ6,NSGA3,4186,0.4085413000000031,3.5330035248975147
DTLZ6,NSGA3,4277,0.41752360000000266,3.5330035248975147
DTLZ6,NSGA3,4368,0.4264683999999974,3.495070767654358
DTLZ6,NSGA3,4459,0.4354344999999924,3.5095710432257894
DTLZ6,NSGA3,4550,0.4444202999999973,3.2693382910780375
DTLZ6,NSGA3,4641,0.4532833000000025,3.2275409535315607
DTLZ6,NSGA3,4732,0.46218249999999017,3.261370948529948
DTLZ6,NSGA3,4823,0.47100979999999737,3.2608580094255237
DTLZ6,NSGA3,4914,0.4800667999999959,3.1576415777560642
DTLZ6,NSGA3,5005,0.48899149999999025,3.1995784566959817
DTLZ6,NSGA3,5096,0.4978245000000001,3.1618744035798185
DTLZ6,NSGA3,5187,0.5069142999999983,3.1618744035798185
DTLZ6,NSGA3,5278,0.5158726000000016,3.1025457031505783
DTLZ6,NSGA3,5369,0.524914299999999,3.055735826890349
DTLZ6,NSGA3,5460,0.533756099999998,3.069793998230894
DTLZ6,NSGA3,5551,0.542736099999992,2.8950398071366554
DTLZ6,NSGA3,5642,0.5515839999999983,2.8688873823271925
DTLZ6,NSGA3,5733,0.5605741999999978,2.8688873823271925
DTLZ6,NSGA3,5824,0.5694164999999956,2.85544710967323
DTLZ6,NSGA3,5915,0.5782718999999972,2.846290901241354
DTLZ6,NSGA3,6006,0.5871808999999999,2.846290901241354
DTLZ6,NSGA3,6097,0.5959932999999964,2.7368145330698304
DTLZ6,NSGA3,6188,0.604921400000002,2.733217608754942
DTLZ6,NSGA3,6279,0.6137135999999899,2.66626529075724
DTLZ6,NSGA3,6370,0.6226308000000031,2.6142584379315137
DTLZ6,NSGA3,6461,0.6322798999999932,2.621433822434315
DTLZ6,NSGA3,6552,0.6417257999999961,2.595592704335741
DTLZ6,NSGA3,6643,0.6507898999999995,2.584417387924417
DTLZ6,NSGA3,6734,0.6596788999999958,2.5528662380301625
DTLZ6,NSGA3,6825,0.6688124000000002,2.4612715333376896
DTLZ6,NSGA3,6916,0.6777581999999924,2.460474688708168
DTLZ6,NSGA3,7007,0.6866018999999923,2.1961023559595305
DTLZ6,NSGA3,7098,0.6953167999999934,2.1961023559595305
DTLZ6,NSGA3,7189,0.7041876999999985,2.1801956116096513
DTLZ6,NSGA3,7280,0.7131601000000032,2.1801956116096513
DTLZ6,NSGA3,7371,0.7220912999999953,2.1729848563136924
DTLZ6,NSGA3,7462,0.7310763999999992,2.1504430757774124
DTLZ6,NSGA3,7553,0.7399275000000003,2.1439424593971266
DTLZ6,NSGA3,7644,0.7487980000000007,2.069089778367122
DTLZ6,NSGA3,7735,0.7577223999999987,2.069089778367122
DTLZ6,NSGA3,7826,0.7665089999999921,1.952741456031441
DTLZ6,NSGA3,7917,0.7750837000000033,1.952741456031441
DTLZ6,NSGA3,8008,0.7836150999999987,1.9812600572925654
DTLZ6,NSGA3,8099,0.7915372000000005,1.9808986861361617
DTLZ6,NSGA3,8190,0.8004043000000038,1.8649937244752213
DTLZ6,NSGA3,8281,0.8093495000000033,1.8330386849622198
DTLZ6,NSGA3,8372,0.8182237999999913,1.7349608064858952
DTLZ6,NSGA3,8463,0.8276878999999937,1.7364941706029975
DTLZ6,NSGA3,8554,0.8366585999999998,1.7793897821391143
DTLZ6,NSGA3,8645,0.8455889999999968,1.774232902153137
DTLZ6,NSGA3,8736,0.8544856999999908,1.7357080687404705
DTLZ6,NSGA3,8827,0.8632900999999933,1.6924637538158238
DTLZ6,NSGA3,8918,0.872550799999992,1.6331716093402355
DTLZ6,NSGA3,9009,0.8814042999999927,1.6224012687860554
DTLZ6,NSGA3,9100,0.8903091000000032,1.5850326273634936
DTLZ6,MOEAD,91,0.0,7.3570464452412985
DTLZ6,MOEAD,182,0.08834980000000314,7.077405634728207
DTLZ6,MOEAD,273,0.17052460000000735,6.960213968130514
DTLZ6,MOEAD,364,0.252966200000003,6.2542667464939266
DTLZ6,MOEAD,455,0.3351526000000007,5.663393894004239
DTLZ6,MOEAD,546,0.4175124000000068,5.51877473986521
DTLZ6,MOEAD,637,0.4996830999999986,5.51891168595188
DTLZ6,MOEAD,728,0.582172700000001,5.470850772563565
DTLZ6,MOEAD,819,0.6647085999999973,5.3368873330504005
DTLZ6,MOEAD,910,0.7471419000000026,5.015367566982947
DTLZ6,MOEAD,1001,0.8293104000000113,4.96614277251244
DTLZ6,MOEAD,1092,0.9118385000000018,4.8747922346234835
DTLZ6,MOEAD,1183,0.9941244999999981,4.512260036786514
DTLZ6,MOEAD,1274,1.0763892000000084,4.405147784436236
DTLZ6,MOEAD,1365,1.15870910000001,4.311914215360232
DTLZ6,MOEAD,1456,1.241106600000009,4.25501613811857
DTLZ6,MOEAD,1547,1.3232842000000034,4.08333023515609
DTLZ6,MOEAD,1638,1.4055469999999985,4.065443659423442
DTLZ6,MOEAD,1729,1.4884774000000078,3.995859020577163
DTLZ6,MOEAD,1820,1.5707722000000075,3.995859020577163
DTLZ6,MOEAD,1911,1.6528397000000012,3.882422709493989
DTLZ6,MOEAD,2002,1.7372164000000083,3.8393874273934614
DTLZ6,MOEAD,2093,1.8194730000000021,3.7963466597008875
DTLZ6,MOEAD,2184,1.9021378000000055,3.7641868021719964
DTLZ6,MOEAD,2275,1.9844639000000086,3.493795594988491
DTLZ6,MOEAD,2366,2.068119800000005,3.2226288965204737
DTLZ6,MOEAD,2457,2.150234100000006,3.201849772391283
DTLZ6,MOEAD,2548,2.2324534000000114,3.154091835624523
DTLZ6,MOEAD,2639,2.3145589000000086,2.857099166341524
DTLZ6,MOEAD,2730,2.396661899999998,2.825327155897082
DTLZ6,MOEAD,2821,2.4790966999999995,2.79713559507484
DTLZ6,MOEAD,2912,2.5616780000000006,2.589494382391556
DTLZ6,MOEAD,3003,2.643969900000002,2.57136191523168
DTLZ6,MOEAD,3094,2.7260789999999986,2.6618107882974975
DTLZ6,MOEAD,3185,2.8092563000000013,2.522983141431585
DTLZ6,MOEAD,3276,2.891877800000003,2.513064242933374
DTLZ6,MOEAD,3367,2.977352300000007,2.4620504253491027
DTLZ6,MOEAD,3458,3.0598772000000025,2.4267444152627906
DTLZ6,MOEAD,3549,3.1424525999999986,2.4268306447386494
DTLZ6,MOEAD,3640,3.2260576000000043,2.3276474804152167
DTLZ6,MOEAD,3731,3.3087266,2.2492726335097344
DTLZ6,MOEAD,3822,3.3913612000000057,2.2232828439713166
DTLZ6,MOEAD,3913,3.4737472000000054,2.22170755361003
DTLZ6,MOEAD,4004,3.5560377000000045,2.2212594427287855
DTLZ6,MOEAD,4095,3.638510000000011,2.196936703535263
DTLZ6,MOEAD,4186,3.720832200000004,2.1298085207461406
DTLZ6,MOEAD,4277,3.8033556999999973,2.12843377222108
DTLZ6,MOEAD,4368,3.8856976000000003,2.115928122615616
DTLZ6,MOEAD,4459,3.9688574000000045,2.090585362211163
DTLZ6,MOEAD,4550,4.051115600000003,2.0357673374121443
DTLZ6,MOEAD,4641,4.133661200000006,1.9267213093520745
DTLZ6,MOEAD,4732,4.215905500000005,1.8651176453397762
DTLZ6,MOEAD,4823,4.29821050000001,1.721187620568199
DTLZ6,MOEAD,4914,4.384092100000004,1.6811375677960185
DTLZ6,MOEAD,5005,4.468232100000009,1.6233193985275245
DTLZ6,MOEAD,5096,4.5525062000000105,1.6037025836182939
DTLZ6,MOEAD,5187,4.636425299999999,1.5880686381690035
DTLZ6,MOEAD,5278,4.721036500000011,1.5822866116388559
DTLZ6,MOEAD,5369,4.808965900000004,1.5520617394000837
DTLZ6,MOEAD,5460,4.893208999999999,1.5457217661192275
DTLZ6,MOEAD,5551,4.9777574000000016,1.4221051780660212
DTLZ6,MOEAD,5642,5.060662000000008,1.3818367881064726
DTLZ6,MOEAD,5733,5.148352200000005,1.376827743057839
DTLZ6,MOEAD,5824,5.237268499999999,1.3580861371180935
DTLZ6,MOEAD,5915,5.3196061000000014,1.3341912009535928
DTLZ6,MOEAD,6006,5.401976000000005,1.2983714037964524
DTLZ6,MOEAD,6097,5.484283300000001,1.2418133987391273
DTLZ6,MOEAD,6188,5.5665414000000055,1.2127273965057082
DTLZ6,MOEAD,6279,5.648877300000009,1.201361442174359
DTLZ6,MOEAD,6370,5.734011600000002,1.1835424808396955
DTLZ6,MOEAD,6461,5.81837010000001,1.1827471959422675
DTLZ6,MOEAD,6552,5.902479400000004,1.1449934718905428
DTLZ6,MOEAD,6643,5.986715799999999,1.1114980725225416
DTLZ6,MOEAD,6734,6.070641600000002,1.0902887966019137
DTLZ6,MOEAD,6825,6.1551647,1.0535721746924505
DTLZ6,MOEAD,6916,6.239102900000006,1.0446427850193627
DTLZ6,MOEAD,7007,6.323378900000009,1.0379099694984386
DTLZ6,MOEAD,7098,6.4075116000000065,1.0301733786519154
DTLZ6,MOEAD,7189,6.492002200000002,0.9983197664218066
DTLZ6,MOEAD,7280,6.576118500000007,0.9738118469540484
DTLZ6,MOEAD,7371,6.660611500000002,0.9529627422848278
DTLZ6,MOEAD,7462,6.7447363,0.9492839480772814
DTLZ6,MOEAD,7553,6.828790100000006,0.9266759837223069
DTLZ6,MOEAD,7644,6.912494899999999,0.8989730444412442
DTLZ6,MOEAD,7735,6.997034800000009,0.8631342014925043
DTLZ6,MOEAD,7826,7.082727500000004,0.8539742694100224
DTLZ6,MOEAD,7917,7.1648409000000015,0.8451639764742183
DTLZ6,MOEAD,8008,7.246931200000006,0.8336106024384963
DTLZ6,MOEAD,8099,7.329236300000005,0.8272283964498703
DTLZ6,MOEAD,8190,7.411282600000007,0.8178713704536463
DTLZ6,MOEAD,8281,7.493547599999999,0.8108970426846739
DTLZ6,MOEAD,8372,7.5755494,0.7785293897820913
DTLZ6,MOEAD,8463,7.658025000000009,0.7602572790392027
DTLZ6,MOEAD,8554,7.7407413000000105,0.7569065963076675
DTLZ6,MOEAD,8645,7.824471900000006,0.7406345058644337
DTLZ6,MOEAD,8736,7.906632299999998,0.7361323425906421
DTLZ6,MOEAD,8827,7.988911000000002,0.7260858371187304
DTLZ6,MOEAD,8918,8.0710074,0.7076772347649354
DTLZ6,MOEAD,9009,8.153276599999998,0.6886196924391086
DTLZ6,MOEAD,9100,8.235538200000008,0.6656509656530437
